2000,loopme.me,Let's Encrypt,89,RSA,2048,65537,b'sha256WithRSAEncryption'
3000,spotim.market,ZeroSSL,90,RSA,2048,65537,b'sha384WithRSAEncryption'
5000,bhg.com,Let's Encrypt,89,RSA,2048,65537,b'sha256WithRSAEncryption'
6000,worldstarhiphop.com,Let's Encrypt,89,RSA,2048,65537,b'sha256WithRSAEncryption'
8000,tokyo-sports.co.jp,GlobalSign nv-sa,396,RSA,2048,65537,b'sha256WithRSAEncryption'
9000,988lifeline.org,"Cloudflare, Inc.",365,EC,256,none,b'ecdsa-with-SHA256'
10000,kolkataff.fun,Google Trust Services LLC,89,RSA,2048,65537,b'sha256WithRSAEncryption'
11000,logitechg.com,Amazon,395,RSA,2048,65537,b'sha256WithRSAEncryption'
13000,doh.pub,"TrustAsia Technologies, Inc.",365,EC,256,none,b'ecdsa-with-SHA256'
15000,darkreading.com,"Cloudflare, Inc.",365,EC,256,none,b'ecdsa-with-SHA256'
17000,merckmanuals.com,Sectigo Limited,365,RSA,2048,65537,b'sha256WithRSAEncryption'
18000,harpers.org,Let's Encrypt,89,EC,256,none,b'ecdsa-with-SHA384'
19000,4gamer.net,Nijimo K.K.,396,RSA,2048,65537,b'sha256WithRSAEncryption'
20000,mangatown.com,Google Trust Services LLC,89,RSA,2048,65537,b'sha256WithRSAEncryption'
22000,videos-zoofilia.com,"Cloudflare, Inc.",347,EC,256,none,b'ecdsa-with-SHA256'
23000,keonhacai5.top,Google Trust Services LLC,89,RSA,2048,65537,b'sha256WithRSAEncryption'
24000,tobii.com,"DigiCert, Inc.",182,RSA,2048,65537,b'sha256WithRSAEncryption'
25000,routeviews.org,Let's Encrypt,89,RSA,2048,65537,b'sha256WithRSAEncryption'
26000,wbez.org,Amazon,393,RSA,2048,65537,b'sha256WithRSAEncryption'
27000,engie.fr,DigiCert Inc,396,RSA,2048,65537,b'sha256WithRSAEncryption'
28000,acertb.com,Let's Encrypt,89,EC,256,none,b'ecdsa-with-SHA384'
29000,trinet.com,Let's Encrypt,89,EC,256,none,b'sha256WithRSAEncryption'
30000,incometaxgujarat.org,Let's Encrypt,89,EC,256,none,b'ecdsa-with-SHA384'
32000,ast-innovation.ru,Let's Encrypt,89,RSA,2048,65537,b'sha256WithRSAEncryption'
33000,fair.org,Let's Encrypt,89,RSA,4096,65537,b'sha256WithRSAEncryption'
34000,enjin.com,"Cloudflare, Inc.",365,EC,256,none,b'ecdsa-with-SHA256'
37000,tds.bid,Google Trust Services LLC,89,RSA,2048,65537,b'sha256WithRSAEncryption'
38000,cradlepoint.com,Let's Encrypt,89,RSA,2048,65537,b'sha256WithRSAEncryption'
39000,marketbusinessnews.com,"Cloudflare, Inc.",365,EC,256,none,b'ecdsa-with-SHA256'
40000,cloudplatform.fi,"Cloudflare, Inc.",365,EC,256,none,b'ecdsa-with-SHA256'
42000,sfist.com,"Cloudflare, Inc.",365,EC,256,none,b'ecdsa-with-SHA256'
43000,crossword-solver.io,"Cloudflare, Inc.",365,EC,256,none,b'ecdsa-with-SHA256'
45000,chub.ai,Google Trust Services LLC,89,RSA,2048,65537,b'sha256WithRSAEncryption'
46000,superteacherworksheets.com,DigiCert Inc,357,RSA,2048,65537,b'sha256WithRSAEncryption'
47000,seaofthieves.com,Microsoft Corporation,315,RSA,2048,65537,b'sha384WithRSAEncryption'
48000,heownouncillor.com,Amazon,394,RSA,2048,65537,b'sha256WithRSAEncryption'
49000,mappls.com,Amazon,395,RSA,2048,65537,b'sha256WithRSAEncryption'
50000,localsyr.com,Let's Encrypt,89,RSA,2048,65537,b'sha256WithRSAEncryption'
51000,cybcode.net,Let's Encrypt,89,EC,256,none,b'ecdsa-with-SHA384'
52000,mobil.com,DigiCert Inc,270,RSA,2048,65537,b'sha256WithRSAEncryption'
53000,aroma-zone.com,DigiCert Inc,396,RSA,2048,65537,b'sha256WithRSAEncryption'
54000,dailynayadiganta.com,Google Trust Services LLC,89,RSA,2048,65537,b'sha256WithRSAEncryption'
55000,amplimed.com.br,Sectigo Limited,365,RSA,2048,65537,b'sha256WithRSAEncryption'
56000,theyworkforyou.com,Let's Encrypt,89,RSA,4096,65537,b'sha256WithRSAEncryption'
57000,ssi.com.vn,GlobalSign nv-sa,396,RSA,2048,65537,b'sha256WithRSAEncryption'
59000,paddypower.it,Google Trust Services LLC,89,RSA,2048,65537,b'sha256WithRSAEncryption'
60000,clubessential.com,"Cloudflare, Inc.",365,EC,256,none,b'ecdsa-with-SHA256'
61000,buhl.de,DigiCert Inc,396,RSA,2048,65537,b'sha256WithRSAEncryption'
63000,fiskerinc.com,"GoDaddy.com, Inc.",365,RSA,2048,65537,b'sha256WithRSAEncryption'
64000,pawrade.com,Amazon,394,RSA,2048,65537,b'sha256WithRSAEncryption'
65000,fuckhardclips.com,Let's Encrypt,89,RSA,2048,65537,b'sha256WithRSAEncryption'
69000,rapgenius.com,"Cloudflare, Inc.",365,EC,256,none,b'ecdsa-with-SHA256'
70000,pg21.ru,Let's Encrypt,89,RSA,2048,65537,b'sha256WithRSAEncryption'
72000,okusurinavi.shop,Google Trust Services LLC,89,RSA,2048,65537,b'sha256WithRSAEncryption'
73000,nyugat.hu,Let's Encrypt,89,EC,256,none,b'ecdsa-with-SHA384'
75000,ilimnet.ru,GlobalSign nv-sa,396,RSA,4096,65537,b'sha256WithRSAEncryption'
76000,academie-francaise.fr,"DigiCert, Inc.",392,RSA,2048,65537,b'sha256WithRSAEncryption'
77000,mandy.com,Let's Encrypt,89,EC,256,none,b'ecdsa-with-SHA384'
78000,beetux.com,Let's Encrypt,89,RSA,2048,65537,b'sha256WithRSAEncryption'
79000,laredoute.it,Google Trust Services LLC,90,RSA,2048,65537,b'sha256WithRSAEncryption'
80000,mobileverso.com.br,Google Trust Services LLC,89,RSA,2048,65537,b'sha256WithRSAEncryption'
81000,moneta.cz,DigiCert Inc,365,RSA,2048,65537,b'sha256WithRSAEncryption'
82000,bitrix24site.ru,"GoDaddy.com, Inc.",397,RSA,2048,65537,b'sha256WithRSAEncryption'
83000,xnxx123.net,Google Trust Services LLC,89,RSA,2048,65537,b'sha256WithRSAEncryption'
84000,cyberresilience.io,Google Trust Services LLC,90,RSA,2048,65537,b'sha256WithRSAEncryption'
85000,neko-hentai.net,"Cloudflare, Inc.",365,EC,256,none,b'ecdsa-with-SHA256'
86000,misterrunning.com,Sectigo Limited,366,RSA,2048,65537,b'sha256WithRSAEncryption'
87000,indianxxxbf.com,Google Trust Services LLC,89,RSA,2048,65537,b'sha256WithRSAEncryption'
88000,podari-zhizn.ru,Google Trust Services LLC,89,RSA,2048,65537,b'sha256WithRSAEncryption'
90000,only-znakomstva.com,Let's Encrypt,89,EC,256,none,b'ecdsa-with-SHA384'
91000,gamewatcher.com,Let's Encrypt,89,RSA,2048,65537,b'sha256WithRSAEncryption'
92000,gerberchildrenswear.com,Let's Encrypt,89,RSA,2048,65537,b'sha256WithRSAEncryption'
96000,scaledagile.com,Let's Encrypt,89,RSA,2048,65537,b'sha256WithRSAEncryption'
97000,theacademicpapers.co.uk,GlobalSign nv-sa,396,RSA,2048,65537,b'sha256WithRSAEncryption'
98000,charmfling.com,Google Trust Services LLC,89,RSA,2048,65537,b'sha256WithRSAEncryption'
101000,qubic.li,Let's Encrypt,89,EC,256,none,b'ecdsa-with-SHA384'
102000,iress.co.uk,Amazon,394,RSA,2048,65537,b'sha256WithRSAEncryption'
104000,omp.ru,Let's Encrypt,89,RSA,2048,65537,b'sha256WithRSAEncryption'
107000,onerpm.com,Amazon,394,RSA,2048,65537,b'sha256WithRSAEncryption'
108000,hagel-shop.de,Let's Encrypt,89,RSA,2048,65537,b'sha256WithRSAEncryption'
109000,hp-mns.com,DigiCert Inc,365,RSA,2048,65537,b'sha256WithRSAEncryption'
110000,turismoroma.it,Let's Encrypt,89,RSA,2048,65537,b'sha256WithRSAEncryption'
111000,eoi.es,GEANT Vereniging,365,RSA,2048,65537,b'sha384WithRSAEncryption'
112000,oh100.com,Let's Encrypt,89,RSA,3072,65537,b'sha256WithRSAEncryption'
114000,dzrt.com,Let's Encrypt,89,EC,256,none,b'ecdsa-with-SHA384'
115000,loose-gene.com,Let's Encrypt,89,EC,256,none,b'sha256WithRSAEncryption'
117000,hookupguru.com,Let's Encrypt,89,EC,256,none,b'ecdsa-with-SHA384'
120000,pibig.info,Let's Encrypt,89,RSA,2048,65537,b'sha256WithRSAEncryption'
121000,xvidiu.pro,Let's Encrypt,89,RSA,2048,65537,b'sha256WithRSAEncryption'
123000,rastrnet.ru,Let's Encrypt,89,RSA,2048,65537,b'sha256WithRSAEncryption'
124000,wikijm.com,Let's Encrypt,89,EC,256,none,b'ecdsa-with-SHA384'
125000,rmu.edu,Let's Encrypt,89,RSA,2048,65537,b'sha256WithRSAEncryption'
126000,budgetyourtrip.com,DigiCert Inc,378,RSA,2048,65537,b'sha256WithRSAEncryption'
129000,staffordshire.gov.uk,GEANT Vereniging,365,RSA,4096,65537,b'sha384WithRSAEncryption'
130000,blossoms.com,Let's Encrypt,89,EC,256,none,b'sha256WithRSAEncryption'
131000,onlinetopchoice.com,Google Trust Services LLC,89,RSA,2048,65537,b'sha256WithRSAEncryption'
134000,3sktr.vip,Google Trust Services LLC,89,RSA,2048,65537,b'sha256WithRSAEncryption'
136000,lottovip2023.com,Google Trust Services LLC,89,RSA,2048,65537,b'sha256WithRSAEncryption'
137000,uwtsd.ac.uk,GEANT Vereniging,365,RSA,2048,65537,b'sha384WithRSAEncryption'
138000,ligatotomega.com,Google Trust Services LLC,89,RSA,2048,65537,b'sha256WithRSAEncryption'
139000,improd.top,Let's Encrypt,89,RSA,2048,65537,b'sha256WithRSAEncryption'
140000,monster-it.net,Google Trust Services LLC,89,RSA,2048,65537,b'sha256WithRSAEncryption'
141000,sunriseseniorliving.com,"DigiCert, Inc.",182,RSA,2048,65537,b'sha256WithRSAEncryption'
142000,gruv.com,Google Trust Services LLC,89,RSA,2048,65537,b'sha256WithRSAEncryption'
143000,basicincome.org,Let's Encrypt,89,RSA,2048,65537,b'sha256WithRSAEncryption'
145000,idc.ac.il,DigiCert Inc,360,RSA,2048,65537,b'sha256WithRSAEncryption'
146000,fishpond.com.au,Amazon,394,RSA,2048,65537,b'sha256WithRSAEncryption'
147000,gflex.nl,Google Trust Services LLC,89,RSA,2048,65537,b'sha256WithRSAEncryption'
148000,cancercouncil.com.au,"Cloudflare, Inc.",364,EC,256,none,b'ecdsa-with-SHA256'
150000,r34porn.net,"Cloudflare, Inc.",365,EC,256,none,b'ecdsa-with-SHA256'
151000,elevationchurch.org,Let's Encrypt,89,RSA,2048,65537,b'sha256WithRSAEncryption'
152000,dermaniaplus.com,Sectigo Limited,396,RSA,2048,65537,b'sha256WithRSAEncryption'
153000,nea.org.np,Sectigo Limited,366,RSA,2048,65537,b'sha256WithRSAEncryption'
154000,nimiq.agency,Let's Encrypt,89,EC,256,none,b'sha256WithRSAEncryption'
157000,telekom-mms.com,Sectigo Limited,396,RSA,4096,65537,b'sha256WithRSAEncryption'
158000,ishigaki.co.jp,DigiCert Inc,376,RSA,2048,65537,b'sha256WithRSAEncryption'
159000,moola.market,Amazon,394,RSA,2048,65537,b'sha256WithRSAEncryption'
160000,akson.ru,GlobalSign nv-sa,353,RSA,2048,65537,b'sha256WithRSAEncryption'
161000,stats-tracker.net,Amazon,393,RSA,2048,65537,b'sha256WithRSAEncryption'
163000,pierreherme.com,Let's Encrypt,89,RSA,2048,65537,b'sha256WithRSAEncryption'
164000,mostbethu.net,Let's Encrypt,89,EC,256,none,b'ecdsa-with-SHA384'
166000,frenet.com.br,Sectigo Limited,396,RSA,2048,65537,b'sha256WithRSAEncryption'
167000,hindiyoupornx.com,Google Trust Services LLC,89,RSA,2048,65537,b'sha256WithRSAEncryption'
168000,wiz.money,Let's Encrypt,89,RSA,4096,65537,b'sha256WithRSAEncryption'
169000,motivtelecom.ru,GlobalSign nv-sa,396,RSA,2048,65537,b'sha256WithRSAEncryption'
170000,goodao.net,"TrustAsia Technologies, Inc.",396,RSA,2048,65537,b'sha256WithRSAEncryption'
171000,redeunna.com.br,"GoDaddy.com, Inc.",366,RSA,2048,65537,b'sha256WithRSAEncryption'
172000,climatepolicyinitiative.org,Let's Encrypt,89,EC,256,none,b'ecdsa-with-SHA384'
173000,loket.nl,Let's Encrypt,89,RSA,4096,65537,b'sha256WithRSAEncryption'
174000,add123.com,Amazon,394,RSA,2048,65537,b'sha256WithRSAEncryption'
175000,caci.dz,Let's Encrypt,89,RSA,3072,65537,b'sha256WithRSAEncryption'
178000,deeprootedstranded.com,Let's Encrypt,89,RSA,2048,65537,b'sha256WithRSAEncryption'
181000,egitana.pt,"Cloudflare, Inc.",365,EC,256,none,b'ecdsa-with-SHA256'
182000,fauna-flora.org,Let's Encrypt,89,EC,256,none,b'ecdsa-with-SHA384'
183000,indahonline.com,Sectigo Limited,366,RSA,2048,65537,b'sha256WithRSAEncryption'
184000,poconomountains.com,Google Trust Services LLC,89,RSA,2048,65537,b'sha256WithRSAEncryption'
186000,socaseiras.com.br,Google Trust Services LLC,89,RSA,2048,65537,b'sha256WithRSAEncryption'
189000,unboxdiaries.com,Google Trust Services LLC,89,RSA,2048,65537,b'sha256WithRSAEncryption'
190000,arto-usolie.ru,Let's Encrypt,89,RSA,2048,65537,b'sha256WithRSAEncryption'
191000,nodestake.top,Let's Encrypt,89,EC,384,none,b'sha256WithRSAEncryption'
192000,darklite.ru,Let's Encrypt,89,RSA,2048,65537,b'sha256WithRSAEncryption'
196000,jade-hs.de,Sectigo Limited,365,RSA,2048,65537,b'sha256WithRSAEncryption'
198000,govzw.com,DigiCert Inc,365,RSA,2048,65537,b'sha256WithRSAEncryption'
199000,picsrv.net,Let's Encrypt,89,RSA,2048,65537,b'sha256WithRSAEncryption'
200000,dianxiatrads.com,Let's Encrypt,89,RSA,4096,65537,b'sha256WithRSAEncryption'
201000,wigmore-hall.org.uk,Let's Encrypt,89,RSA,2048,65537,b'sha256WithRSAEncryption'
202000,sunstar.com,Let's Encrypt,89,RSA,2048,65537,b'sha256WithRSAEncryption'
203000,simplelogin.io,Let's Encrypt,89,RSA,2048,65537,b'sha256WithRSAEncryption'
204000,din-server.dk,Let's Encrypt,89,RSA,2048,65537,b'sha256WithRSAEncryption'
207000,koizumi-onlineshop.jp,GlobalSign nv-sa,37,RSA,2048,65537,b'sha256WithRSAEncryption'
209000,lnfcu.com,Let's Encrypt,89,EC,256,none,b'ecdsa-with-SHA384'
211000,klassekampen.no,Google Trust Services LLC,90,RSA,2048,65537,b'sha256WithRSAEncryption'
212000,catalogos365.com,Let's Encrypt,89,RSA,2048,65537,b'sha256WithRSAEncryption'
213000,usabilityhub.com,Let's Encrypt,89,RSA,2048,65537,b'sha256WithRSAEncryption'
214000,betclic.bj,Corporation Service Company,365,RSA,2048,65537,b'sha384WithRSAEncryption'
216000,w2bet.net,Let's Encrypt,89,EC,256,none,b'sha256WithRSAEncryption'
217000,farestart.org,Let's Encrypt,89,RSA,2048,65537,b'sha256WithRSAEncryption'
219000,cxalloy.com,Let's Encrypt,89,RSA,2048,65537,b'sha256WithRSAEncryption'
221000,atp.fm,Let's Encrypt,89,RSA,2048,65537,b'sha256WithRSAEncryption'
222000,mappr.co,Google Trust Services LLC,89,RSA,2048,65537,b'sha256WithRSAEncryption'
223000,hear-it.org,ZeroSSL,90,EC,256,none,b'ecdsa-with-SHA384'
227000,faxvin.com,DigiCert Inc,396,RSA,4096,65537,b'sha256WithRSAEncryption'
228000,luarmor.net,Google Trust Services LLC,89,RSA,2048,65537,b'sha256WithRSAEncryption'
229000,herbalessencesla.com,"Entrust, Inc.",395,RSA,2048,65537,b'sha256WithRSAEncryption'
230000,spi.uz,Let's Encrypt,89,RSA,2048,65537,b'sha256WithRSAEncryption'
231000,growfinancial.org,"Entrust, Inc.",370,RSA,2048,65537,b'sha256WithRSAEncryption'
232000,coinomi.com,"Cloudflare, Inc.",365,EC,256,none,b'ecdsa-with-SHA256'
233000,ccv.church,Sectigo Limited,396,RSA,2048,65537,b'sha256WithRSAEncryption'
234000,retailtrends.nl,Amazon,393,RSA,2048,65537,b'sha256WithRSAEncryption'
235000,refurbed.com,Google Trust Services LLC,90,RSA,2048,65537,b'sha256WithRSAEncryption'
237000,etraveligroup.com,Let's Encrypt,89,RSA,2048,65537,b'sha256WithRSAEncryption'
238000,zenra.net,Let's Encrypt,89,RSA,2048,65537,b'sha256WithRSAEncryption'
240000,johnnie-o.com,Let's Encrypt,89,RSA,2048,65537,b'sha256WithRSAEncryption'
242000,discoverlancaster.com,Let's Encrypt,89,RSA,2048,65537,b'sha256WithRSAEncryption'
243000,laurenceking.com,Let's Encrypt,89,RSA,2048,65537,b'sha256WithRSAEncryption'
244000,dorsten.de,Sectigo Limited,396,RSA,4096,65537,b'sha256WithRSAEncryption'
245000,2040-parts.com,Let's Encrypt,89,RSA,2048,65537,b'sha256WithRSAEncryption'
246000,rpfm.ru,Let's Encrypt,89,RSA,2048,65537,b'sha256WithRSAEncryption'
247000,gloriafood.com,DigiCert Inc,366,EC,256,none,b'sha256WithRSAEncryption'
248000,painfulpleasures.com,Let's Encrypt,89,RSA,2048,65537,b'sha256WithRSAEncryption'
249000,asdatyres.co.uk,GlobalSign nv-sa,396,RSA,4096,65537,b'sha256WithRSAEncryption'
250000,nbr.gov.bh,Amazon,394,RSA,2048,65537,b'sha256WithRSAEncryption'
251000,topworking.vn,Let's Encrypt,89,EC,256,none,b'ecdsa-with-SHA384'
253000,kindroid.ai,Let's Encrypt,89,EC,256,none,b'ecdsa-with-SHA384'
256000,karoo.com.br,Sectigo Limited,374,RSA,2048,65537,b'sha256WithRSAEncryption'
258000,mobiili.fi,Google Trust Services LLC,89,RSA,2048,65537,b'sha256WithRSAEncryption'
259000,zooanimalsexporn.com,Let's Encrypt,89,RSA,2048,65537,b'sha256WithRSAEncryption'
261000,ionline.com.au,Let's Encrypt,89,RSA,2048,65537,b'sha256WithRSAEncryption'
262000,clickthis.blog,Let's Encrypt,89,RSA,2048,65537,b'sha256WithRSAEncryption'
263000,9hf.com,Sectigo Limited,365,RSA,2048,65537,b'sha256WithRSAEncryption'
264000,hcmed.org,Google Trust Services LLC,89,RSA,2048,65537,b'sha256WithRSAEncryption'
265000,englishonlinehelp.com,Let's Encrypt,89,EC,384,none,b'sha256WithRSAEncryption'
267000,webhaus.com.br,Let's Encrypt,89,RSA,2048,65537,b'sha256WithRSAEncryption'
268000,fit4brain.com,Let's Encrypt,89,RSA,4096,65537,b'sha256WithRSAEncryption'
269000,penneo.com,Let's Encrypt,89,RSA,2048,65537,b'sha256WithRSAEncryption'
270000,rupt.dev,Let's Encrypt,89,RSA,2048,65537,b'sha256WithRSAEncryption'
272000,ivbt.ru,Google Trust Services LLC,89,RSA,2048,65537,b'sha256WithRSAEncryption'
273000,animesubvn.tv,Google Trust Services LLC,89,RSA,2048,65537,b'sha256WithRSAEncryption'
274000,cctalk.com,"TrustAsia Technologies, Inc.",386,RSA,2048,65537,b'sha384WithRSAEncryption'
275000,96nmdqufhz.com,Google Trust Services LLC,89,RSA,2048,65537,b'sha256WithRSAEncryption'
276000,streameast2.com,Google Trust Services LLC,89,RSA,2048,65537,b'sha256WithRSAEncryption'
277000,forceofnatureclean.com,"Cloudflare, Inc.",365,EC,256,none,b'ecdsa-with-SHA256'
279000,gry-planszowe.pl,Let's Encrypt,89,EC,256,none,b'sha256WithRSAEncryption'
280000,writingclasses.com,"Cloudflare, Inc.",365,EC,256,none,b'ecdsa-with-SHA256'
281000,shahrebours.com,Google Trust Services LLC,89,RSA,2048,65537,b'sha256WithRSAEncryption'
282000,e-explorer.jp,GlobalSign nv-sa,37,RSA,2048,65537,b'sha256WithRSAEncryption'
283000,web-wings.net,Let's Encrypt,89,RSA,2048,65537,b'sha256WithRSAEncryption'
284000,upfoot.in,Let's Encrypt,89,RSA,4096,65537,b'sha256WithRSAEncryption'
285000,valorantpornhentai.com,Google Trust Services LLC,89,RSA,2048,65537,b'sha256WithRSAEncryption'
286000,leakedbb.com,Google Trust Services LLC,89,RSA,2048,65537,b'sha256WithRSAEncryption'
289000,mcdonalds.com.ar,Google Trust Services LLC,89,RSA,2048,65537,b'sha256WithRSAEncryption'
290000,littlecigogne.com,Google Trust Services LLC,90,RSA,2048,65537,b'sha256WithRSAEncryption'
293000,inovacaotecnologica.com.br,"cPanel, Inc.",90,RSA,2048,65537,b'sha256WithRSAEncryption'
294000,101espn.com,"Cloudflare, Inc.",365,EC,256,none,b'ecdsa-with-SHA256'
295000,b242ya.ru,Let's Encrypt,89,RSA,2048,65537,b'sha256WithRSAEncryption'
296000,wichitafallstx.gov,Let's Encrypt,89,RSA,2048,65537,b'sha256WithRSAEncryption'
297000,rhbtradesmart.com,GlobalSign nv-sa,396,RSA,2048,65537,b'sha256WithRSAEncryption'
299000,gnanagharjane.com,Let's Encrypt,89,RSA,4096,65537,b'sha256WithRSAEncryption'
300000,writingforums.org,"cPanel, Inc.",90,RSA,2048,65537,b'sha256WithRSAEncryption'
302000,atwonline.com,Google Trust Services LLC,89,RSA,2048,65537,b'sha256WithRSAEncryption'
303000,january.com,Amazon,395,RSA,2048,65537,b'sha256WithRSAEncryption'
304000,itovn.com.vn,"cPanel, Inc.",90,RSA,2048,65537,b'sha256WithRSAEncryption'
305000,ctoy.com.cn,"DigiCert, Inc.",384,RSA,2048,65537,b'sha256WithRSAEncryption'
307000,drbrownsbaby.com,"Cloudflare, Inc.",365,EC,256,none,b'ecdsa-with-SHA256'
308000,tlfapparel.com,Let's Encrypt,89,RSA,2048,65537,b'sha256WithRSAEncryption'
309000,justdating.net,Google Trust Services LLC,89,RSA,2048,65537,b'sha256WithRSAEncryption'
310000,memozor.com,"Cloudflare, Inc.",365,EC,256,none,b'ecdsa-with-SHA256'
312000,nova1.net,Let's Encrypt,89,RSA,3072,65537,b'sha256WithRSAEncryption'
313000,cravingtasty.com,Let's Encrypt,89,EC,256,none,b'ecdsa-with-SHA384'
314000,apk-download.co,Let's Encrypt,89,EC,256,none,b'ecdsa-with-SHA384'
315000,trinaturk.com,Let's Encrypt,89,RSA,2048,65537,b'sha256WithRSAEncryption'
317000,slotozal-official.xyz,"Cloudflare, Inc.",365,EC,256,none,b'ecdsa-with-SHA256'
318000,totowuhan.com,Google Trust Services LLC,89,RSA,2048,65537,b'sha256WithRSAEncryption'
320000,backabuddy.co.za,Let's Encrypt,89,EC,256,none,b'ecdsa-with-SHA384'
321000,ggcdncc65.shop,Google Trust Services LLC,89,RSA,2048,65537,b'sha256WithRSAEncryption'
322000,osijek031.com,Let's Encrypt,89,EC,256,none,b'ecdsa-with-SHA384'
323000,truththeory.com,Let's Encrypt,89,EC,384,none,b'sha256WithRSAEncryption'
324000,casino-joy.click,"Cloudflare, Inc.",364,EC,256,none,b'ecdsa-with-SHA256'
329000,ahanonline.com,Let's Encrypt,89,EC,256,none,b'sha256WithRSAEncryption'
330000,aksinet.net,Let's Encrypt,89,RSA,2048,65537,b'sha256WithRSAEncryption'
331000,gamingdns.top,Google Trust Services LLC,89,RSA,2048,65537,b'sha256WithRSAEncryption'
332000,agencedpc.fr,"Cloudflare, Inc.",365,EC,256,none,b'ecdsa-with-SHA256'
333000,vulkan-prestige.link,"Cloudflare, Inc.",365,EC,256,none,b'ecdsa-with-SHA256'
334000,livingston.com,Amazon,394,RSA,2048,65537,b'sha256WithRSAEncryption'
336000,belties.shop,Let's Encrypt,89,RSA,2048,65537,b'sha256WithRSAEncryption'
338000,learningcloud.me,DigiCert Inc,380,RSA,2048,65537,b'sha256WithRSAEncryption'
339000,sabon.ro,"cPanel, Inc.",90,RSA,2048,65537,b'sha256WithRSAEncryption'
340000,tennwireless.com,"cPanel, Inc.",90,RSA,2048,65537,b'sha256WithRSAEncryption'
341000,king-vulcan.biz,"Cloudflare, Inc.",364,EC,256,none,b'ecdsa-with-SHA256'
342000,ejercito.mil.co,Google Trust Services LLC,89,RSA,2048,65537,b'sha256WithRSAEncryption'
344000,festive-lights.com,"Cloudflare, Inc.",365,EC,256,none,b'ecdsa-with-SHA256'
345000,myschoolsask.ca,"GoDaddy.com, Inc.",397,RSA,2048,65537,b'sha256WithRSAEncryption'
346000,stealthgpt.ai,Let's Encrypt,89,RSA,2048,65537,b'sha256WithRSAEncryption'
347000,aware3.net,Amazon,394,RSA,2048,65537,b'sha256WithRSAEncryption'
348000,astons.com,Google Trust Services LLC,89,RSA,2048,65537,b'sha256WithRSAEncryption'
349000,houseofstaunton.com,Let's Encrypt,89,RSA,2048,65537,b'sha256WithRSAEncryption'
350000,bilgibizden10.com,Let's Encrypt,89,EC,256,none,b'ecdsa-with-SHA384'
351000,dev4dev.ru,Let's Encrypt,89,RSA,2048,65537,b'sha256WithRSAEncryption'
353000,royalsundaram.in,DigiCert Inc,396,RSA,2048,65537,b'sha256WithRSAEncryption'
354000,avivare.com,GlobalSign nv-sa,396,RSA,2048,65537,b'sha256WithRSAEncryption'
355000,etsyhunt.com,"TrustAsia Technologies, Inc.",370,RSA,2048,65537,b'sha384WithRSAEncryption'
356000,thereisadayforthat.com,Google Trust Services LLC,89,RSA,2048,65537,b'sha256WithRSAEncryption'
357000,crapuleparis.com,Let's Encrypt,89,RSA,2048,65537,b'sha256WithRSAEncryption'
358000,gigapower.com,"DigiCert, Inc.",179,RSA,2048,65537,b'sha256WithRSAEncryption'
359000,hostedns.com.au,Let's Encrypt,89,RSA,2048,65537,b'sha256WithRSAEncryption'
360000,orsrika.co.il,Google Trust Services LLC,89,RSA,2048,65537,b'sha256WithRSAEncryption'
361000,trainercentralsite.com,Let's Encrypt,89,RSA,2048,65537,b'sha256WithRSAEncryption'
362000,kcg.ac.jp,"SECOM Trust Systems CO.,LTD.",390,RSA,2048,65537,b'sha256WithRSAEncryption'
364000,soundtrapedusummit.com,Let's Encrypt,89,RSA,4096,65537,b'sha256WithRSAEncryption'
365000,salezap.ru,Let's Encrypt,89,RSA,4096,65537,b'sha256WithRSAEncryption'
366000,nisshin.com,Amazon,394,RSA,2048,65537,b'sha256WithRSAEncryption'
368000,indiabiodiversity.org,Google Trust Services LLC,89,RSA,2048,65537,b'sha256WithRSAEncryption'
369000,diarioinforme.com,Google Trust Services LLC,89,RSA,2048,65537,b'sha256WithRSAEncryption'
371000,cruisesheet.com,Let's Encrypt,89,EC,256,none,b'ecdsa-with-SHA384'
372000,mccno.com,DigiCert Inc,396,RSA,2048,65537,b'sha256WithRSAEncryption'
373000,antifilter.download,Let's Encrypt,89,RSA,2048,65537,b'sha256WithRSAEncryption'
374000,hoa44trk.com,"Starfield Technologies, Inc.",349,RSA,2048,65537,b'sha256WithRSAEncryption'
376000,easeus.fr,Sectigo Limited,396,RSA,2048,65537,b'sha256WithRSAEncryption'
377000,viax.io,Google Trust Services LLC,89,RSA,2048,65537,b'sha256WithRSAEncryption'
379000,lumberliquidators.com,"Cloudflare, Inc.",364,EC,256,none,b'ecdsa-with-SHA256'
381000,aviator-mostbet-casino.ru,Google Trust Services LLC,89,RSA,2048,65537,b'sha256WithRSAEncryption'
382000,fuku-e.com,Let's Encrypt,89,RSA,2048,65537,b'sha256WithRSAEncryption'
385000,colombiawebs.net,Let's Encrypt,89,RSA,2048,65537,b'sha256WithRSAEncryption'
387000,hot-cartoon.com,Let's Encrypt,89,EC,256,none,b'ecdsa-with-SHA384'
388000,booksc.eu,Let's Encrypt,89,RSA,4096,65537,b'sha256WithRSAEncryption'
389000,jbl.no,Let's Encrypt,89,RSA,2048,65537,b'sha256WithRSAEncryption'
390000,sochifeya2.mobi,Google Trust Services LLC,89,RSA,2048,65537,b'sha256WithRSAEncryption'
392000,fclorient.bzh,Let's Encrypt,89,RSA,2048,65537,b'sha256WithRSAEncryption'
394000,bulletpointmountingsolutions.com,Let's Encrypt,89,RSA,2048,65537,b'sha256WithRSAEncryption'
396000,asian-bondage.com,Let's Encrypt,89,RSA,2048,65537,b'sha256WithRSAEncryption'
397000,icdsoft.com,Let's Encrypt,89,EC,256,none,b'ecdsa-with-SHA384'
398000,hazi.ro,Let's Encrypt,89,RSA,2048,65537,b'sha256WithRSAEncryption'
399000,ube-yanagiya.co.jp,Let's Encrypt,89,RSA,2048,65537,b'sha256WithRSAEncryption'
400000,cbscorporation.com,Let's Encrypt,89,RSA,2048,65537,b'sha256WithRSAEncryption'
401000,biogossip.com,Google Trust Services LLC,89,RSA,2048,65537,b'sha256WithRSAEncryption'
402000,datacenter-insider.de,Let's Encrypt,89,RSA,4096,65537,b'sha256WithRSAEncryption'
403000,uiverse.io,Google Trust Services LLC,89,RSA,2048,65537,b'sha256WithRSAEncryption'
404000,voxivo.com,"Starfield Technologies, Inc.",397,RSA,2048,65537,b'sha256WithRSAEncryption'
405000,capital.com.ph,Let's Encrypt,89,RSA,2048,65537,b'sha256WithRSAEncryption'
406000,jetgram.io,Let's Encrypt,89,RSA,2048,65537,b'sha256WithRSAEncryption'
407000,themdc.org,Let's Encrypt,89,RSA,4096,65537,b'sha256WithRSAEncryption'
409000,viva64.com,Let's Encrypt,89,RSA,2048,65537,b'sha256WithRSAEncryption'
411000,gtcocalcomp.com,Let's Encrypt,89,RSA,2048,65537,b'sha256WithRSAEncryption'
412000,marvellover.com,Google Trust Services LLC,89,RSA,2048,65537,b'sha256WithRSAEncryption'
413000,ktokyda.ru,Let's Encrypt,89,RSA,2048,65537,b'sha256WithRSAEncryption'
414000,over-lap.co.jp,GlobalSign nv-sa,396,RSA,2048,65537,b'sha256WithRSAEncryption'
416000,moneycazino.com,Let's Encrypt,89,RSA,4096,65537,b'sha256WithRSAEncryption'
418000,webnice.ru,Let's Encrypt,89,RSA,2048,65537,b'sha256WithRSAEncryption'
419000,sopula.com,Let's Encrypt,89,EC,256,none,b'sha256WithRSAEncryption'
421000,deadstate.org,Let's Encrypt,89,EC,384,none,b'sha256WithRSAEncryption'
423000,rds.net.pk,Google Trust Services LLC,89,RSA,2048,65537,b'sha256WithRSAEncryption'
425000,viatepigan.com,Let's Encrypt,89,RSA,2048,65537,b'sha256WithRSAEncryption'
426000,duhoctrungquoc.vn,Google Trust Services LLC,89,RSA,2048,65537,b'sha256WithRSAEncryption'
427000,josh.org,Let's Encrypt,89,RSA,2048,65537,b'sha256WithRSAEncryption'
429000,noldus.com,Google Trust Services LLC,89,RSA,2048,65537,b'sha256WithRSAEncryption'
430000,planonsoftware.com,Sectigo Limited,393,RSA,4096,65537,b'sha256WithRSAEncryption'
431000,vromansbookstore.com,Let's Encrypt,89,RSA,2048,65537,b'sha256WithRSAEncryption'
432000,pushbulletusercontent.com,Google Trust Services LLC,89,RSA,2048,65537,b'sha256WithRSAEncryption'
433000,scoutapp.ai,Google Trust Services LLC,89,RSA,2048,65537,b'sha256WithRSAEncryption'
434000,preaching.com,Let's Encrypt,89,RSA,2048,65537,b'sha256WithRSAEncryption'
436000,mp3fitz.com,Let's Encrypt,89,EC,256,none,b'ecdsa-with-SHA384'
437000,ozcountrymile.com,"cPanel, Inc.",90,RSA,2048,65537,b'sha256WithRSAEncryption'
440000,damaislot.org,Google Trust Services LLC,89,RSA,2048,65537,b'sha256WithRSAEncryption'
441000,stateintestacylaws.com,Google Trust Services LLC,89,RSA,2048,65537,b'sha256WithRSAEncryption'
442000,hypotheekshop.nl,Sectigo Limited,396,RSA,4096,65537,b'sha256WithRSAEncryption'
444000,housekeep.com,Amazon,394,RSA,2048,65537,b'sha256WithRSAEncryption'
446000,internetwines.com,Let's Encrypt,89,RSA,2048,65537,b'sha256WithRSAEncryption'
448000,best-serial.com,Google Trust Services LLC,89,RSA,2048,65537,b'sha256WithRSAEncryption'
451000,skincarebyalana.com,Let's Encrypt,89,RSA,2048,65537,b'sha256WithRSAEncryption'
452000,reconditeprison.com,Let's Encrypt,89,EC,256,none,b'sha256WithRSAEncryption'
453000,atb7pokerdom.com,Let's Encrypt,89,RSA,2048,65537,b'sha256WithRSAEncryption'
454000,hurma.work,Let's Encrypt,89,RSA,2048,65537,b'sha256WithRSAEncryption'
456000,streamready.in,Amazon,394,RSA,2048,65537,b'sha256WithRSAEncryption'
457000,pica-resort.jp,DigiCert Inc,395,RSA,2048,65537,b'sha256WithRSAEncryption'
458000,cardaccesproquick.sbs,Let's Encrypt,89,RSA,2048,65537,b'sha256WithRSAEncryption'
459000,isetl.org,Let's Encrypt,89,RSA,2048,65537,b'sha256WithRSAEncryption'
461000,brokestraightboys.com,"Cloudflare, Inc.",365,EC,256,none,b'ecdsa-with-SHA256'
462000,okrwmi.top,Google Trust Services LLC,89,RSA,2048,65537,b'sha256WithRSAEncryption'
463000,pokerdom7p.com,Let's Encrypt,89,RSA,2048,65537,b'sha256WithRSAEncryption'
464000,akita-bank.co.jp,DigiCert Inc,366,EC,256,none,b'sha256WithRSAEncryption'
465000,onlynut.net,Let's Encrypt,89,RSA,2048,65537,b'sha256WithRSAEncryption'
467000,eldocasinoz.xyz,Let's Encrypt,89,RSA,4096,65537,b'sha256WithRSAEncryption'
469000,tengtoolsusa.com,Let's Encrypt,89,RSA,2048,65537,b'sha256WithRSAEncryption'
470000,holzland.de,DigiCert Inc,365,RSA,2048,65537,b'sha256WithRSAEncryption'
471000,alcomag.ru,Let's Encrypt,89,RSA,2048,65537,b'sha256WithRSAEncryption'
473000,tcenet.net,Let's Encrypt,89,RSA,2048,65537,b'sha256WithRSAEncryption'
474000,caixaconsorcio.com.br,GlobalSign nv-sa,396,RSA,2048,65537,b'sha256WithRSAEncryption'
475000,hnt.com.br,Google Trust Services LLC,89,RSA,2048,65537,b'sha256WithRSAEncryption'
476000,nwxs19.com,Let's Encrypt,89,RSA,2048,65537,b'sha256WithRSAEncryption'
477000,th-rms.co.uk,Sectigo Limited,396,RSA,2048,65537,b'sha256WithRSAEncryption'
478000,naigai-gr.co.jp,Let's Encrypt,89,RSA,2048,65537,b'sha256WithRSAEncryption'
479000,zhealthehr.com,Sectigo Limited,373,RSA,2048,65537,b'sha256WithRSAEncryption'
480000,refpabxdce.top,Google Trust Services LLC,89,RSA,2048,65537,b'sha256WithRSAEncryption'
482000,onlinecasinohex.ca,Let's Encrypt,89,RSA,2048,65537,b'sha256WithRSAEncryption'
483000,myotcstore.com,"DigiCert, Inc.",365,RSA,2048,65537,b'ecdsa-with-SHA384'
484000,critmc.net,Let's Encrypt,89,RSA,2048,65537,b'sha256WithRSAEncryption'
485000,itotdel.info,Let's Encrypt,89,RSA,2048,65537,b'sha256WithRSAEncryption'
488000,ecobux.store,Google Trust Services LLC,89,RSA,2048,65537,b'sha256WithRSAEncryption'
489000,brm.io,Google Trust Services LLC,90,RSA,2048,65537,b'sha256WithRSAEncryption'
490000,webarena.com.au,Let's Encrypt,89,RSA,2048,65537,b'sha256WithRSAEncryption'
493000,gme.com,Google Trust Services LLC,89,RSA,2048,65537,b'sha256WithRSAEncryption'
495000,qoshe.com,Let's Encrypt,89,RSA,2048,65537,b'sha256WithRSAEncryption'
498000,jetcassiono-russia1.top,Let's Encrypt,89,EC,256,none,b'ecdsa-with-SHA384'
500000,muzhiwan.com,Sectigo Limited,365,RSA,2048,65537,b'sha256WithRSAEncryption'
501000,jet-cazino6.win,Google Trust Services LLC,89,RSA,2048,65537,b'sha256WithRSAEncryption'
502000,webadepthost.co.uk,"cPanel, Inc.",90,RSA,2048,65537,b'sha256WithRSAEncryption'
503000,refpaxmzuq.top,Let's Encrypt,89,EC,256,none,b'ecdsa-with-SHA384'
504000,biz.com,Let's Encrypt,89,EC,384,none,b'sha256WithRSAEncryption'
506000,watchseries8.to,Google Trust Services LLC,89,RSA,2048,65537,b'sha256WithRSAEncryption'
507000,wgauradio.com,Amazon,394,RSA,2048,65537,b'sha256WithRSAEncryption'
508000,kvif-fresh-casino.top,Let's Encrypt,89,EC,256,none,b'ecdsa-with-SHA384'
509000,magar.cl,Let's Encrypt,89,RSA,2048,65537,b'sha256WithRSAEncryption'
510000,admiralx-ksq.top,Google Trust Services LLC,89,RSA,2048,65537,b'sha256WithRSAEncryption'
511000,admiralx-psp.top,Let's Encrypt,89,EC,256,none,b'ecdsa-with-SHA384'
512000,faceprep.in,Amazon,394,RSA,2048,65537,b'sha256WithRSAEncryption'
513000,emedixus.com,Let's Encrypt,89,RSA,2048,65537,b'sha256WithRSAEncryption'
515000,deals75.com,ZeroSSL,90,RSA,4096,65537,b'sha384WithRSAEncryption'
516000,funkelfaden.de,Let's Encrypt,89,EC,384,none,b'sha256WithRSAEncryption'
517000,foyer.lu,GlobalSign nv-sa,396,RSA,2048,65537,b'sha256WithRSAEncryption'
518000,fizabet.com,Let's Encrypt,89,EC,256,none,b'ecdsa-with-SHA384'
519000,cotedazur.jp,Let's Encrypt,89,RSA,2048,65537,b'sha256WithRSAEncryption'
521000,kukudm.com,Google Trust Services LLC,89,RSA,2048,65537,b'sha256WithRSAEncryption'
522000,hendrickhealth.org,Let's Encrypt,89,RSA,2048,65537,b'sha256WithRSAEncryption'
523000,intergeo.de,Let's Encrypt,89,RSA,2048,65537,b'sha256WithRSAEncryption'
524000,icap.com,GlobalSign nv-sa,396,RSA,2048,65537,b'sha256WithRSAEncryption'
525000,sgr.nl,Let's Encrypt,89,RSA,2048,65537,b'sha256WithRSAEncryption'
526000,aeddinc.org,"cPanel, Inc.",90,RSA,2048,65537,b'sha256WithRSAEncryption'
529000,fnafgo.com,Let's Encrypt,89,EC,256,none,b'ecdsa-with-SHA384'
530000,straightpress.jp,Amazon,394,RSA,2048,65537,b'sha256WithRSAEncryption'
532000,freshcasino-rezak.top,Google Trust Services LLC,89,RSA,2048,65537,b'sha256WithRSAEncryption'
533000,eldoradocasino-ast.top,Let's Encrypt,89,EC,256,none,b'ecdsa-with-SHA384'
534000,piccin.jp,GlobalSign nv-sa,35,RSA,2048,65537,b'sha256WithRSAEncryption'
535000,tucanos.com,Sectigo Limited,377,RSA,2048,65537,b'sha256WithRSAEncryption'
537000,khongcogidau.top,Google Trust Services LLC,89,RSA,2048,65537,b'sha256WithRSAEncryption'
538000,einvoice.vn,GlobalSign nv-sa,396,RSA,2048,65537,b'sha256WithRSAEncryption'
540000,admeca.kr,Let's Encrypt,89,EC,256,none,b'sha256WithRSAEncryption'
541000,colgatepalmolive.it,Let's Encrypt,89,RSA,2048,65537,b'sha256WithRSAEncryption'
542000,geometroit.com,Google Trust Services LLC,89,RSA,2048,65537,b'sha256WithRSAEncryption'
543000,link-tap.com,Sectigo Limited,396,RSA,2048,65537,b'sha256WithRSAEncryption'
544000,paranix.eu,Let's Encrypt,89,RSA,4096,65537,b'sha256WithRSAEncryption'
548000,desertcart.co.uk,"Cloudflare, Inc.",339,EC,256,none,b'ecdsa-with-SHA256'
549000,gtarp.ru,GlobalSign nv-sa,396,RSA,4096,65537,b'sha256WithRSAEncryption'
550000,bescom.co.in,DigiCert Inc,172,RSA,2048,65537,b'sha256WithRSAEncryption'
553000,advantech.com.cn,"DigiCert, Inc.",183,RSA,2048,65537,b'sha256WithRSAEncryption'
554000,laoistoday.ie,"Starfield Technologies, Inc.",366,RSA,2048,65537,b'sha256WithRSAEncryption'
556000,lustflesh.com,Google Trust Services LLC,89,RSA,2048,65537,b'sha256WithRSAEncryption'
558000,wildclient.ru,Google Trust Services LLC,89,RSA,2048,65537,b'sha256WithRSAEncryption'
560000,luckycola.bet,Let's Encrypt,89,EC,256,none,b'sha256WithRSAEncryption'
561000,admiralx-rjff.buzz,Google Trust Services LLC,89,RSA,2048,65537,b'sha256WithRSAEncryption'
562000,soliditet.se,Corporation Service Company,379,RSA,2048,65537,b'sha256WithRSAEncryption'
563000,jxgydj.com,Google Trust Services LLC,89,RSA,2048,65537,b'sha256WithRSAEncryption'
564000,sanmishahost.com,Let's Encrypt,89,RSA,2048,65537,b'sha256WithRSAEncryption'
565000,adveo.com,Corporation Service Company,396,RSA,4096,65537,b'sha256WithRSAEncryption'
566000,laihoana.com,Let's Encrypt,89,RSA,2048,65537,b'sha256WithRSAEncryption'
570000,shorelinewa.gov,Let's Encrypt,89,RSA,3072,65537,b'sha256WithRSAEncryption'
572000,gotestprep.com,"cPanel, Inc.",90,RSA,2048,65537,b'sha256WithRSAEncryption'
573000,vulkanplatinum-sloty.click,Let's Encrypt,89,EC,256,none,b'ecdsa-with-SHA384'
575000,nungkai.com,Google Trust Services LLC,89,RSA,2048,65537,b'sha256WithRSAEncryption'
576000,tameteo.nl,"Cloudflare, Inc.",365,EC,256,none,b'ecdsa-with-SHA256'
577000,voteriders.org,Google Trust Services LLC,89,RSA,2048,65537,b'sha256WithRSAEncryption'
578000,icoi.org,"Starfield Technologies, Inc.",366,RSA,2048,65537,b'sha256WithRSAEncryption'
579000,iikaeru.com,Let's Encrypt,89,RSA,2048,65537,b'sha256WithRSAEncryption'
580000,frank-casinoo.club,Let's Encrypt,89,RSA,4096,65537,b'sha256WithRSAEncryption'
581000,saowz.com,Google Trust Services LLC,89,RSA,2048,65537,b'sha256WithRSAEncryption'
583000,hipatiapress.com,Let's Encrypt,89,RSA,2048,65537,b'sha256WithRSAEncryption'
584000,goulile.com,Let's Encrypt,89,EC,256,none,b'ecdsa-with-SHA384'
585000,kirche-bremen.de,Let's Encrypt,89,RSA,2048,65537,b'sha256WithRSAEncryption'
586000,vnxoso.gg,Google Trust Services LLC,89,RSA,2048,65537,b'sha256WithRSAEncryption'
587000,yidaxinyuan.com,Google Trust Services LLC,89,RSA,2048,65537,b'sha256WithRSAEncryption'
588000,bgbls.com,Let's Encrypt,89,EC,256,none,b'sha256WithRSAEncryption'
589000,bulgartel.bg,Sectigo Limited,396,RSA,2048,65537,b'sha256WithRSAEncryption'
590000,policeauctionscanada.com,Google Trust Services LLC,89,RSA,2048,65537,b'sha256WithRSAEncryption'
591000,elga.gr,Sectigo Limited,396,RSA,2048,65537,b'sha256WithRSAEncryption'
592000,melbet-app.site,Let's Encrypt,89,RSA,2048,65537,b'sha256WithRSAEncryption'
593000,meixiang720.com,Google Trust Services LLC,89,RSA,2048,65537,b'sha256WithRSAEncryption'
594000,rangecast.com,Amazon,394,RSA,2048,65537,b'sha256WithRSAEncryption'
595000,centurionim.com,"GoDaddy.com, Inc.",366,RSA,2048,65537,b'sha256WithRSAEncryption'
596000,vavada-zerkalo8.buzz,DigiCert Inc,365,RSA,2048,65537,b'sha256WithRSAEncryption'
597000,130slottica.com,Google Trust Services LLC,89,RSA,2048,65537,b'sha256WithRSAEncryption'
600000,yagihashi.co.jp,Let's Encrypt,89,RSA,2048,65537,b'sha256WithRSAEncryption'
601000,color.io,Let's Encrypt,89,RSA,2048,65537,b'sha256WithRSAEncryption'
602000,hamafarin.ir,Let's Encrypt,89,RSA,2048,65537,b'sha256WithRSAEncryption'
603000,modelosimples.com.br,Let's Encrypt,89,RSA,2048,65537,b'sha256WithRSAEncryption'
604000,safahome.com,Let's Encrypt,89,EC,256,none,b'sha256WithRSAEncryption'
605000,xemphim.app,Let's Encrypt,89,RSA,2048,65537,b'sha256WithRSAEncryption'
607000,navarracapital.es,"Cloudflare, Inc.",365,EC,256,none,b'ecdsa-with-SHA256'
608000,clubs-leo.xyz,Let's Encrypt,89,RSA,4096,65537,b'sha256WithRSAEncryption'
609000,irsss.ca,Let's Encrypt,89,EC,256,none,b'ecdsa-with-SHA384'
611000,cdhich.com,Google Trust Services LLC,89,RSA,2048,65537,b'sha256WithRSAEncryption'
612000,vendetuarma.com,"GoDaddy.com, Inc.",366,RSA,2048,65537,b'sha256WithRSAEncryption'
614000,azino777-d2i2x.icu,Let's Encrypt,89,EC,256,none,b'sha256WithRSAEncryption'
615000,233joycasino.top,Let's Encrypt,89,EC,256,none,b'ecdsa-with-SHA384'
616000,loaney.es,Let's Encrypt,89,RSA,2048,65537,b'sha256WithRSAEncryption'
617000,77-azinomobile.ru,Let's Encrypt,89,EC,256,none,b'sha256WithRSAEncryption'
618000,deginvest.de,Deutsche Telekom Security GmbH,370,RSA,2048,65537,b'sha256WithRSAEncryption'
619000,seikun.co.jp,Let's Encrypt,89,RSA,2048,65537,b'sha256WithRSAEncryption'
621000,cardinalcorp.com,Let's Encrypt,89,RSA,2048,65537,b'sha256WithRSAEncryption'
623000,aimst.edu.my,Let's Encrypt,89,RSA,2048,65537,b'sha256WithRSAEncryption'
624000,alphega-farmacie.ro,Sectigo Limited,366,RSA,2048,65537,b'sha256WithRSAEncryption'
625000,zsjjrhy.com,Google Trust Services LLC,89,RSA,2048,65537,b'sha256WithRSAEncryption'
626000,gold-miners.site,Google Trust Services LLC,89,RSA,2048,65537,b'sha256WithRSAEncryption'
628000,50reefs.org,Let's Encrypt,89,RSA,2048,65537,b'sha256WithRSAEncryption'
629000,penggeshuofang.com,Google Trust Services LLC,89,RSA,2048,65537,b'sha256WithRSAEncryption'
631000,thuuz.com,Amazon,394,RSA,2048,65537,b'sha256WithRSAEncryption'
632000,stoodnt.com,Let's Encrypt,89,EC,256,none,b'sha256WithRSAEncryption'
634000,b1g.one,Let's Encrypt,89,RSA,2048,65537,b'sha256WithRSAEncryption'
636000,emma-sleep.com.ph,Let's Encrypt,89,RSA,2048,65537,b'sha256WithRSAEncryption'
637000,easytechhome.com,Let's Encrypt,89,RSA,2048,65537,b'sha256WithRSAEncryption'
638000,thepornbuzz.com,Let's Encrypt,89,RSA,2048,65537,b'sha256WithRSAEncryption'
640000,bathabbey.org,Let's Encrypt,89,RSA,2048,65537,b'sha256WithRSAEncryption'
641000,bornete.com,Let's Encrypt,89,RSA,2048,65537,b'sha256WithRSAEncryption'
642000,nhathuocviet.vn,Sectigo Limited,396,RSA,2048,65537,b'sha256WithRSAEncryption'
643000,orologidiclasse.com,Google Trust Services LLC,89,RSA,2048,65537,b'sha256WithRSAEncryption'
644000,wunderkopf.de,Let's Encrypt,89,EC,256,none,b'sha256WithRSAEncryption'
645000,fonbet-a78c3.com,Let's Encrypt,89,RSA,4096,65537,b'sha256WithRSAEncryption'
646000,goleapfrog.com,Let's Encrypt,89,EC,256,none,b'ecdsa-with-SHA384'
647000,riobet-141.ru,Let's Encrypt,89,EC,256,none,b'sha256WithRSAEncryption'
648000,limak.az,Google Trust Services LLC,89,RSA,2048,65537,b'sha256WithRSAEncryption'
649000,insidethevatican.com,Google Trust Services LLC,89,RSA,2048,65537,b'sha256WithRSAEncryption'
650000,kramp.ru,Let's Encrypt,89,RSA,2048,65537,b'sha256WithRSAEncryption'
651000,teror.es,Let's Encrypt,89,RSA,2048,65537,b'sha256WithRSAEncryption'
652000,pokerdomked.top,Let's Encrypt,89,RSA,2048,65537,b'sha256WithRSAEncryption'
653000,knifeinformer.com,Let's Encrypt,89,RSA,2048,65537,b'sha256WithRSAEncryption'
655000,efusionworld.net,DigiCert Inc,380,RSA,2048,65537,b'sha256WithRSAEncryption'
656000,yshghs.com,Google Trust Services LLC,89,RSA,2048,65537,b'sha256WithRSAEncryption'
657000,aquarium.bg,Let's Encrypt,89,RSA,2048,65537,b'sha256WithRSAEncryption'
658000,thekitchenemporiumanderson.com,Let's Encrypt,89,RSA,4096,65537,b'sha256WithRSAEncryption'
659000,pokerdom-ru1.fun,Let's Encrypt,89,EC,256,none,b'ecdsa-with-SHA384'
660000,pointonenav.com,Let's Encrypt,89,RSA,2048,65537,b'sha256WithRSAEncryption'
661000,mixcar.ru,Let's Encrypt,89,RSA,2048,65537,b'sha256WithRSAEncryption'
662000,attitash.com,DigiCert Inc,365,EC,256,none,b'sha256WithRSAEncryption'
663000,pornokyb.com,Google Trust Services LLC,89,RSA,2048,65537,b'sha256WithRSAEncryption'
664000,booicasino-sdp.top,Let's Encrypt,89,EC,256,none,b'ecdsa-with-SHA384'
665000,rocket-inc.net,"cPanel, Inc.",90,RSA,2048,65537,b'sha256WithRSAEncryption'
666000,salomaozoppi.com.br,DigiCert Inc,379,RSA,2048,65537,b'sha256WithRSAEncryption'
669000,blackstonepublishing.com,Let's Encrypt,89,RSA,2048,65537,b'sha256WithRSAEncryption'
670000,shurenyb.com,Google Trust Services LLC,89,RSA,2048,65537,b'sha256WithRSAEncryption'
671000,libnauka.ru,Let's Encrypt,89,RSA,2048,65537,b'sha256WithRSAEncryption'
672000,kelas.work,Let's Encrypt,89,EC,256,none,b'ecdsa-with-SHA384'
673000,soccer-history.com,Amazon,395,RSA,2048,65537,b'sha256WithRSAEncryption'
674000,uzbek-porn.top,Google Trust Services LLC,89,RSA,2048,65537,b'sha256WithRSAEncryption'
675000,lordserial.casa,Google Trust Services LLC,89,RSA,2048,65537,b'sha256WithRSAEncryption'
676000,yammienoob.co,Let's Encrypt,89,RSA,2048,65537,b'sha256WithRSAEncryption'
678000,thomashinder.com,Let's Encrypt,89,RSA,2048,65537,b'sha256WithRSAEncryption'
681000,cs-go-go.top,Google Trust Services LLC,89,RSA,2048,65537,b'sha256WithRSAEncryption'
683000,noamazonaseassim.com,Let's Encrypt,89,RSA,2048,65537,b'sha256WithRSAEncryption'
685000,sansec.io,Let's Encrypt,89,EC,256,none,b'ecdsa-with-SHA384'
689000,lucrosa2023.xyz,Google Trust Services LLC,89,RSA,2048,65537,b'sha256WithRSAEncryption'
690000,arcblock.io,Google Trust Services LLC,90,RSA,2048,65537,b'sha256WithRSAEncryption'
691000,ximxim.com,Let's Encrypt,89,RSA,2048,65537,b'sha256WithRSAEncryption'
692000,latigi.com,Let's Encrypt,89,RSA,2048,65537,b'sha256WithRSAEncryption'
694000,netwatch360.com,DigiCert Inc,366,RSA,2048,65537,b'sha256WithRSAEncryption'
695000,pinupoficialnoecasinotop777.win,Let's Encrypt,89,EC,256,none,b'ecdsa-with-SHA384'
697000,azinoslot.tech,Google Trust Services LLC,89,RSA,2048,65537,b'sha256WithRSAEncryption'
699000,leonbets-mlv8.site,Google Trust Services LLC,89,RSA,2048,65537,b'sha256WithRSAEncryption'
700000,bee-ev.de,Let's Encrypt,89,RSA,2048,65537,b'sha256WithRSAEncryption'
701000,atlantamission.org,Google Trust Services LLC,89,RSA,2048,65537,b'sha256WithRSAEncryption'
702000,southseas.com,Let's Encrypt,89,RSA,2048,65537,b'sha256WithRSAEncryption'
703000,sol44.casino,Let's Encrypt,89,RSA,2048,65537,b'sha256WithRSAEncryption'
704000,7k-casino-ru.online,Google Trust Services LLC,89,RSA,2048,65537,b'sha256WithRSAEncryption'
705000,russia-today.ru,Let's Encrypt,89,RSA,2048,65537,b'sha256WithRSAEncryption'
706000,pinup-officialniisite13win.win,Google Trust Services LLC,89,RSA,2048,65537,b'sha256WithRSAEncryption'
707000,szshanzhe.com,Let's Encrypt,89,EC,256,none,b'ecdsa-with-SHA384'
708000,rating-casino183-2023.win,Let's Encrypt,89,EC,256,none,b'ecdsa-with-SHA384'
710000,cristalinedejour.fr,ZeroSSL,90,RSA,2048,65537,b'sha384WithRSAEncryption'
712000,bayernwelle.de,DigiCert Inc,386,RSA,2048,65537,b'sha256WithRSAEncryption'
713000,tns.co,Sectigo Limited,365,RSA,2048,65537,b'sha256WithRSAEncryption'
714000,kingjohnnie.live,Let's Encrypt,89,EC,256,none,b'ecdsa-with-SHA384'
715000,eureka-24-08.top,DigiCert Inc,366,RSA,2048,65537,b'sha256WithRSAEncryption'
716000,deventrade.com,Let's Encrypt,89,EC,256,none,b'ecdsa-with-SHA384'
717000,friendshiptrivia.com,Google Trust Services LLC,89,RSA,2048,65537,b'sha256WithRSAEncryption'
718000,alutech.ru,Let's Encrypt,89,RSA,2048,65537,b'sha256WithRSAEncryption'
720000,pornoskazka9.org,Let's Encrypt,89,RSA,2048,65537,b'sha256WithRSAEncryption'
725000,clubsgoldi.xyz,Let's Encrypt,89,RSA,4096,65537,b'sha256WithRSAEncryption'
726000,smclassiccars.com,Let's Encrypt,89,RSA,4096,65537,b'sha256WithRSAEncryption'
727000,babobotanicals.com,Let's Encrypt,89,RSA,2048,65537,b'sha256WithRSAEncryption'
728000,roblox.ge,Let's Encrypt,89,RSA,2048,65537,b'sha256WithRSAEncryption'
730000,capt.org.uk,Let's Encrypt,89,RSA,2048,65537,b'sha256WithRSAEncryption'
731000,seriousfactory.com,GlobalSign nv-sa,396,RSA,2048,65537,b'sha256WithRSAEncryption'
732000,kokshetau.asia,Let's Encrypt,89,EC,256,none,b'ecdsa-with-SHA384'
733000,wunderlabel.com,"Cloudflare, Inc.",365,EC,256,none,b'ecdsa-with-SHA256'
734000,biletwise.com,Google Trust Services LLC,89,RSA,2048,65537,b'sha256WithRSAEncryption'
735000,pin-up-casino-sp9.top,Google Trust Services LLC,89,RSA,2048,65537,b'sha256WithRSAEncryption'
736000,fangirlish.com,Let's Encrypt,89,EC,384,none,b'sha256WithRSAEncryption'
737000,maxicom.cz,Google Trust Services LLC,89,RSA,2048,65537,b'sha256WithRSAEncryption'
738000,ice-casino.it,Google Trust Services LLC,89,RSA,2048,65537,b'sha256WithRSAEncryption'
739000,diveboard.com,Let's Encrypt,89,EC,256,none,b'sha256WithRSAEncryption'
740000,otora.info,Google Trust Services LLC,89,RSA,2048,65537,b'sha256WithRSAEncryption'
741000,rollingriver.com,Let's Encrypt,89,RSA,2048,65537,b'sha256WithRSAEncryption'
742000,brandizzi.com,Let's Encrypt,89,RSA,2048,65537,b'sha256WithRSAEncryption'
743000,saimoveis.com.br,GlobalSign nv-sa,396,RSA,2048,65537,b'sha256WithRSAEncryption'
744000,mono-iki.com,Let's Encrypt,89,RSA,2048,65537,b'sha256WithRSAEncryption'
745000,fuukpusi.com,Let's Encrypt,89,RSA,4096,65537,b'sha256WithRSAEncryption'
746000,wowbabel.com,Amazon,395,RSA,2048,65537,b'sha256WithRSAEncryption'
747000,bezdepswin.com,"cPanel, Inc.",90,RSA,2048,65537,b'sha256WithRSAEncryption'
749000,terrancle.net,Gandi,395,EC,256,none,b'sha256WithRSAEncryption'
751000,leonbets-mlv10.site,Let's Encrypt,89,EC,256,none,b'ecdsa-with-SHA384'
752000,starkautosales.com,Google Trust Services LLC,89,RSA,2048,65537,b'sha256WithRSAEncryption'
753000,region10.org,Amazon,395,RSA,2048,65537,b'sha256WithRSAEncryption'
754000,borisboroda.ru,Let's Encrypt,89,RSA,2048,65537,b'sha256WithRSAEncryption'
756000,guitarkit.shop,Let's Encrypt,89,RSA,2048,65537,b'sha256WithRSAEncryption'
757000,e-laziostore.it,Let's Encrypt,89,EC,256,none,b'sha256WithRSAEncryption'
758000,parasol.ua,Let's Encrypt,89,EC,256,none,b'ecdsa-with-SHA384'
760000,asnhosting.com,Let's Encrypt,89,RSA,2048,65537,b'sha256WithRSAEncryption'
763000,iatserv.com,"Cloudflare, Inc.",365,EC,256,none,b'ecdsa-with-SHA256'
764000,datspush.com,Google Trust Services LLC,89,RSA,2048,65537,b'sha256WithRSAEncryption'
765000,facuminas.com.br,Let's Encrypt,89,RSA,2048,65537,b'sha256WithRSAEncryption'
766000,omf.net.au,Let's Encrypt,89,RSA,2048,65537,b'sha256WithRSAEncryption'
770000,hwhost.in,"cPanel, Inc.",90,RSA,2048,65537,b'sha256WithRSAEncryption'
771000,uzio.com,Amazon,394,RSA,2048,65537,b'sha256WithRSAEncryption'
772000,twitscoop.com,Google Trust Services LLC,89,RSA,2048,65537,b'sha256WithRSAEncryption'
773000,agentcubed.com,Let's Encrypt,89,RSA,2048,65537,b'sha256WithRSAEncryption'
774000,ag-co.com,Google Trust Services LLC,89,RSA,2048,65537,b'sha256WithRSAEncryption'
775000,clayelectric.com,"Starfield Technologies, Inc.",366,RSA,2048,65537,b'sha256WithRSAEncryption'
776000,gazzettadisiena.it,Google Trust Services LLC,89,RSA,2048,65537,b'sha256WithRSAEncryption'
777000,unclaimedfreightfurniture.com,"Cloudflare, Inc.",365,EC,256,none,b'ecdsa-with-SHA256'
778000,cryptotrials.care,Google Trust Services LLC,89,RSA,2048,65537,b'sha256WithRSAEncryption'
779000,xlmoto.de,"GoDaddy.com, Inc.",27,RSA,2048,65537,b'sha256WithRSAEncryption'
780000,okuma.kg,Let's Encrypt,89,RSA,2048,65537,b'sha256WithRSAEncryption'
781000,mtsdvorana.rs,Google Trust Services LLC,89,RSA,2048,65537,b'sha256WithRSAEncryption'
782000,rationalacoustics.com,Let's Encrypt,89,RSA,2048,65537,b'sha256WithRSAEncryption'
784000,dontmesswithmama.com,Google Trust Services LLC,89,RSA,2048,65537,b'sha256WithRSAEncryption'
785000,hnxueba.com,Let's Encrypt,89,EC,256,none,b'ecdsa-with-SHA384'
786000,clicknetbrasil.com.br,Let's Encrypt,89,RSA,2048,65537,b'sha256WithRSAEncryption'
787000,ceccarbusinessmagazine.ro,Let's Encrypt,89,RSA,2048,65537,b'sha256WithRSAEncryption'
788000,ameliorated.io,Google Trust Services LLC,89,RSA,2048,65537,b'sha256WithRSAEncryption'
790000,xxxproud.com,Google Trust Services LLC,89,RSA,2048,65537,b'sha256WithRSAEncryption'
791000,seven7.net.br,"cPanel, Inc.",90,RSA,2048,65537,b'sha256WithRSAEncryption'
792000,excelerondesigns.com,Sectigo Limited,395,RSA,2048,65537,b'sha256WithRSAEncryption'
793000,1666-1646.com,Sectigo Limited,390,RSA,2048,65537,b'sha256WithRSAEncryption'
794000,9ten.live,Let's Encrypt,89,EC,256,none,b'ecdsa-with-SHA384'
795000,agrosiaa.com,Let's Encrypt,89,EC,256,none,b'ecdsa-with-SHA384'
796000,alnqabialjanubi.com,"Cloudflare, Inc.",365,EC,256,none,b'ecdsa-with-SHA256'
797000,anubis-tierbestattungen.de,"Starfield Technologies, Inc.",395,RSA,2048,65537,b'sha256WithRSAEncryption'
798000,arwin.com,Let's Encrypt,89,EC,256,none,b'ecdsa-with-SHA384'
799000,autozoneksa.com,Sectigo Limited,396,RSA,2048,65537,b'sha256WithRSAEncryption'
801000,betapp007.xyz,Google Trust Services LLC,89,RSA,2048,65537,b'sha256WithRSAEncryption'
802000,biuro.lt,Let's Encrypt,89,RSA,4096,65537,b'sha256WithRSAEncryption'
803000,brandlive.net,Amazon,395,RSA,2048,65537,b'sha256WithRSAEncryption'
805000,cccp13.fr,Gandi,131,RSA,2048,65537,b'sha384WithRSAEncryption'
807000,codelearn.cat,Let's Encrypt,89,RSA,2048,65537,b'sha256WithRSAEncryption'
808000,cpp.ne.jp,Amazon,394,RSA,2048,65537,b'sha256WithRSAEncryption'
809000,dandelionmedia-fans.com,Let's Encrypt,89,EC,256,none,b'ecdsa-with-SHA384'
810000,dezzato.com.br,Let's Encrypt,89,RSA,2048,65537,b'sha256WithRSAEncryption'
811000,dolar.pe,Google Trust Services LLC,89,RSA,2048,65537,b'sha256WithRSAEncryption'
812000,e-kruk.pl,Unizeto Technologies S.A.,364,RSA,4096,65537,b'sha256WithRSAEncryption'
813000,elcitur.com.tr,"cPanel, Inc.",90,RSA,2048,65537,b'sha256WithRSAEncryption'
814000,erationcard.in,Let's Encrypt,89,RSA,2048,65537,b'sha256WithRSAEncryption'
815000,extremerangeoutfitters.com,Let's Encrypt,89,RSA,2048,65537,b'sha256WithRSAEncryption'
816000,fibes.gr,Let's Encrypt,89,RSA,2048,65537,b'sha256WithRSAEncryption'
817000,formacioncontinua.mx,Let's Encrypt,89,RSA,2048,65537,b'sha256WithRSAEncryption'
818000,g2gbm.com,Google Trust Services LLC,89,RSA,2048,65537,b'sha256WithRSAEncryption'
819000,ghtiket.solutions,Let's Encrypt,89,RSA,2048,65537,b'sha256WithRSAEncryption'
820000,gramfree.net,Google Trust Services LLC,89,RSA,2048,65537,b'sha256WithRSAEncryption'
821000,handsman.co.jp,DigiCert Inc,396,RSA,2048,65537,b'sha256WithRSAEncryption'
822000,hindinibandh.in,Google Trust Services LLC,90,RSA,2048,65537,b'sha256WithRSAEncryption'
823000,hungarianlegends.hu,Sectigo Limited,396,RSA,2048,65537,b'sha256WithRSAEncryption'
825000,iqmetrics.org,Let's Encrypt,89,RSA,4096,65537,b'sha256WithRSAEncryption'
827000,justlaw.com.tw,Let's Encrypt,89,RSA,2048,65537,b'sha256WithRSAEncryption'
828000,kenjisugimoto.com,Let's Encrypt,89,RSA,2048,65537,b'sha256WithRSAEncryption'
829000,koi88login.com,Let's Encrypt,89,EC,256,none,b'ecdsa-with-SHA384'
830000,laboratoriopretti.com.br,Google Trust Services LLC,89,RSA,2048,65537,b'sha256WithRSAEncryption'
831000,lentesdecontacto365.es,Let's Encrypt,89,RSA,2048,65537,b'sha256WithRSAEncryption'
832000,localsonly.com.ar,Let's Encrypt,89,RSA,2048,65537,b'sha256WithRSAEncryption'
833000,lyes.tw,Let's Encrypt,89,EC,256,none,b'ecdsa-with-SHA384'
834000,mantigor.sch.id,Let's Encrypt,89,EC,256,none,b'ecdsa-with-SHA384'
835000,med-atlant.if.ua,Let's Encrypt,89,RSA,2048,65537,b'sha256WithRSAEncryption'
836000,micredijamar.com,Google Trust Services LLC,90,RSA,2048,65537,b'sha256WithRSAEncryption'
837000,modexastyl.cz,Let's Encrypt,89,EC,256,none,b'sha256WithRSAEncryption'
838000,mssc.co.in,Let's Encrypt,89,RSA,2048,65537,b'sha256WithRSAEncryption'
839000,myvetshop.fr,Let's Encrypt,89,RSA,4096,65537,b'sha256WithRSAEncryption'
840000,neweracap.com.my,Let's Encrypt,89,RSA,2048,65537,b'sha256WithRSAEncryption'
841000,ns-com.net,DigiCert Inc,389,RSA,2048,65537,b'sha256WithRSAEncryption'
842000,omronhealthcare.com.tw,GlobalSign nv-sa,396,RSA,2048,65537,b'sha256WithRSAEncryption'
843000,overcube.com,Let's Encrypt,89,RSA,2048,65537,b'sha256WithRSAEncryption'
844000,patuljak.me,"Cloudflare, Inc.",365,EC,256,none,b'ecdsa-with-SHA256'
845000,photogov.com,GlobalSign nv-sa,396,RSA,4096,65537,b'sha256WithRSAEncryption'
846000,pokeka-atari.jp,Let's Encrypt,89,RSA,2048,65537,b'sha256WithRSAEncryption'
847000,primenews.press,Let's Encrypt,89,RSA,2048,65537,b'sha256WithRSAEncryption'
848000,qexch.com,"Cloudflare, Inc.",365,EC,256,none,b'ecdsa-with-SHA256'
849000,realindiansexclips.com,Let's Encrypt,89,EC,256,none,b'sha256WithRSAEncryption'
850000,rioschools.org,Let's Encrypt,89,RSA,2048,65537,b'sha256WithRSAEncryption'
851000,saabwisonline.com,Let's Encrypt,89,RSA,2048,65537,b'sha256WithRSAEncryption'
852000,savemore.com.tw,"TrustAsia Technologies, Inc.",369,RSA,2048,65537,b'sha384WithRSAEncryption'
853000,sesp.mt.gov.br,Sectigo Limited,365,RSA,2048,65537,b'sha256WithRSAEncryption'
854000,shyam777.in,Google Trust Services LLC,89,RSA,2048,65537,b'sha256WithRSAEncryption'
864000,usebemtevi.com,Let's Encrypt,89,RSA,2048,65537,b'sha256WithRSAEncryption'
865000,vidaplenaysalud.site,Let's Encrypt,89,RSA,2048,65537,b'sha256WithRSAEncryption'
866000,w8shippingua.com,"GoDaddy.com, Inc.",397,RSA,2048,65537,b'sha256WithRSAEncryption'
867000,wise.live,Amazon,394,RSA,2048,65537,b'sha256WithRSAEncryption'
868000,xnxxhdvideo.com,Google Trust Services LLC,89,RSA,2048,65537,b'sha256WithRSAEncryption'
869000,zaidimai.lt,Google Trust Services LLC,89,RSA,2048,65537,b'sha256WithRSAEncryption'
870000,mecalac.com,Gandi,379,RSA,2048,65537,b'sha384WithRSAEncryption'
871000,superformance.com,Google Trust Services LLC,90,RSA,2048,65537,b'sha256WithRSAEncryption'
872000,ajanszero.com,Let's Encrypt,89,EC,384,none,b'sha256WithRSAEncryption'
873000,cdshuangsheng.com,Google Trust Services LLC,89,RSA,2048,65537,b'sha256WithRSAEncryption'
874000,cloud-for-all.com,Google Trust Services LLC,89,RSA,2048,65537,b'sha256WithRSAEncryption'
878000,aklasbelafast.com,ZeroSSL,90,RSA,4096,65537,b'sha384WithRSAEncryption'
879000,firebrno.cz,"DigiCert, Inc.",375,RSA,2048,65537,b'sha256WithRSAEncryption'
880000,mega-vulkan-official.com,Let's Encrypt,89,RSA,2048,65537,b'sha256WithRSAEncryption'
881000,immosquare.com,ZeroSSL,90,RSA,2048,65537,b'sha384WithRSAEncryption'
884000,shemayisrael.com,Sectigo Limited,366,RSA,2048,65537,b'sha256WithRSAEncryption'
885000,omhsi1.com,"GoDaddy.com, Inc.",366,RSA,2048,65537,b'sha256WithRSAEncryption'
886000,americanboardortho.com,"GoDaddy.com, Inc.",397,RSA,2048,65537,b'sha256WithRSAEncryption'
887000,doublefocus.net,Let's Encrypt,89,RSA,2048,65537,b'sha256WithRSAEncryption'
888000,frendscazino.shop,Google Trust Services LLC,89,RSA,2048,65537,b'sha256WithRSAEncryption'
889000,infinitelifeelectric.com,Let's Encrypt,89,RSA,2048,65537,b'sha256WithRSAEncryption'
890000,happybirthdaymsg.com,Let's Encrypt,89,EC,384,none,b'sha256WithRSAEncryption'
892000,prorobat.com,Google Trust Services LLC,89,RSA,2048,65537,b'sha256WithRSAEncryption'
893000,nhahatcheovietnam.vn,Let's Encrypt,89,EC,384,none,b'sha256WithRSAEncryption'
894000,natura-sciences.com,Let's Encrypt,89,RSA,4096,65537,b'sha256WithRSAEncryption'
895000,onlineprestige-vulkan.com,"GoDaddy.com, Inc.",366,RSA,2048,65537,b'sha256WithRSAEncryption'
896000,howolddoyoulook.com,Let's Encrypt,89,EC,384,none,b'sha256WithRSAEncryption'
898000,hndianjiang.com,Google Trust Services LLC,89,RSA,2048,65537,b'sha256WithRSAEncryption'
899000,victorpetfood.com,"GoDaddy.com, Inc.",366,RSA,2048,65537,b'sha256WithRSAEncryption'
900000,timestelegram.com,Let's Encrypt,89,RSA,2048,65537,b'sha256WithRSAEncryption'
903000,wikistero.com,Google Trust Services LLC,89,RSA,2048,65537,b'sha256WithRSAEncryption'
904000,vulkancasinoy12.xyz,Google Trust Services LLC,89,RSA,2048,65537,b'sha256WithRSAEncryption'
906000,coscup.org,Let's Encrypt,89,RSA,2048,65537,b'sha256WithRSAEncryption'
907000,corvina.io,Google Trust Services LLC,89,RSA,2048,65537,b'sha256WithRSAEncryption'
908000,reconyx.com,Sectigo Limited,352,RSA,2048,65537,b'sha256WithRSAEncryption'
909000,faststart.ai,Amazon,394,RSA,2048,65537,b'sha256WithRSAEncryption'
910000,sv288.com,Sectigo Limited,365,RSA,2048,65537,b'sha256WithRSAEncryption'
911000,roxcasino190.com,Let's Encrypt,89,RSA,2048,65537,b'sha256WithRSAEncryption'
912000,due777.co,Let's Encrypt,89,EC,256,none,b'ecdsa-with-SHA384'
913000,slotozalonliney9.xyz,Google Trust Services LLC,89,RSA,2048,65537,b'sha256WithRSAEncryption'
914000,leapp.top,Google Trust Services LLC,89,RSA,2048,65537,b'sha256WithRSAEncryption'
915000,azino777casino-cro.ru,Google Trust Services LLC,89,RSA,2048,65537,b'sha256WithRSAEncryption'
917000,marathonnn.ru,Google Trust Services LLC,89,RSA,2048,65537,b'sha256WithRSAEncryption'
918000,cassino-gurrru.com,Let's Encrypt,89,EC,256,none,b'ecdsa-with-SHA384'
919000,remodeladvisor.com,Let's Encrypt,89,RSA,2048,65537,b'sha256WithRSAEncryption'
920000,churchlawandtax.com,Let's Encrypt,89,EC,256,none,b'sha256WithRSAEncryption'
921000,tdelga.ru,Google Trust Services LLC,89,RSA,2048,65537,b'sha256WithRSAEncryption'
922000,roxcasino460.com,Let's Encrypt,89,RSA,2048,65537,b'sha256WithRSAEncryption'
923000,azino777playazino.ru,Google Trust Services LLC,89,RSA,2048,65537,b'sha256WithRSAEncryption'
924000,spinamba45.com,Let's Encrypt,89,EC,256,none,b'ecdsa-with-SHA384'
925000,zxcvn.xyz,Google Trust Services LLC,89,RSA,2048,65537,b'sha256WithRSAEncryption'
926000,spadellandia.it,Let's Encrypt,89,EC,256,none,b'ecdsa-with-SHA384'
927000,undernylon.com,Let's Encrypt,89,RSA,2048,65537,b'sha256WithRSAEncryption'
928000,antisocial.io,Let's Encrypt,89,EC,256,none,b'ecdsa-with-SHA384'
929000,coincapital.vip,Let's Encrypt,89,EC,256,none,b'sha256WithRSAEncryption'
930000,66zcp.com,Let's Encrypt,89,RSA,2048,65537,b'sha256WithRSAEncryption'
931000,minipoliskids.ru,Let's Encrypt,89,EC,256,none,b'ecdsa-with-SHA384'
932000,letenkyzababku.sk,Let's Encrypt,89,RSA,2048,65537,b'sha256WithRSAEncryption'
933000,eabzhvm.cn,Google Trust Services LLC,89,RSA,2048,65537,b'sha256WithRSAEncryption'
934000,vnsky.vn,DigiCert Inc,365,EC,256,none,b'sha256WithRSAEncryption'
935000,cdbocheng.com,Google Trust Services LLC,89,RSA,2048,65537,b'sha256WithRSAEncryption'
936000,darkproject.ru,Let's Encrypt,89,RSA,2048,65537,b'sha256WithRSAEncryption'
939000,egubjrc.cn,Google Trust Services LLC,89,RSA,2048,65537,b'sha256WithRSAEncryption'
941000,directory-daddy.com,Google Trust Services LLC,89,RSA,2048,65537,b'sha256WithRSAEncryption'
942000,bizeeinternet.co.uk,Let's Encrypt,89,RSA,2048,65537,b'sha256WithRSAEncryption'
943000,dragnetnigeria.com,Let's Encrypt,89,RSA,3072,65537,b'sha256WithRSAEncryption'
944000,casinofreespins29.ru,Google Trust Services LLC,89,RSA,2048,65537,b'sha256WithRSAEncryption'
946000,landesbibliothek.at,Let's Encrypt,89,RSA,2048,65537,b'sha256WithRSAEncryption'
948000,agrovision.nl,Let's Encrypt,89,EC,384,none,b'sha256WithRSAEncryption'
950000,tywhh.com,Sectigo Limited,366,RSA,2048,65537,b'sha256WithRSAEncryption'
952000,pedidosya.cr,"Cloudflare, Inc.",364,EC,256,none,b'ecdsa-with-SHA256'
953000,vavadargn.com,Google Trust Services LLC,89,RSA,2048,65537,b'sha256WithRSAEncryption'
956000,compliancecoordinator.org,Sectigo Limited,365,RSA,2048,65537,b'sha256WithRSAEncryption'
957000,hischannel.com,"Cloudflare, Inc.",365,EC,256,none,b'ecdsa-with-SHA256'
958000,biotechnologia.pl,Let's Encrypt,89,RSA,2048,65537,b'sha256WithRSAEncryption'
959000,slottica-casino.net,Let's Encrypt,89,RSA,2048,65537,b'sha256WithRSAEncryption'
960000,4it.com.au,Sectigo Limited,396,RSA,2048,65537,b'sha256WithRSAEncryption'
962000,epicwow.com,"Cloudflare, Inc.",365,EC,256,none,b'ecdsa-with-SHA256'
963000,wheretherebedragons.com,"Cloudflare, Inc.",365,EC,256,none,b'ecdsa-with-SHA256'
964000,maxbetslots-iqg.buzz,Let's Encrypt,89,EC,256,none,b'ecdsa-with-SHA384'
965000,pinup-ru-2-amp-23-12-6.com,Google Trust Services LLC,89,RSA,2048,65537,b'sha256WithRSAEncryption'
966000,iro63.ru,Let's Encrypt,89,RSA,2048,65537,b'sha256WithRSAEncryption'
967000,fulianx.cn,Google Trust Services LLC,89,RSA,2048,65537,b'sha256WithRSAEncryption'
968000,topslotsite.com,Let's Encrypt,89,EC,256,none,b'ecdsa-with-SHA384'
970000,desktopwallpapers.ru,Let's Encrypt,89,RSA,2048,65537,b'sha256WithRSAEncryption'
973000,ramhal.com,Let's Encrypt,89,RSA,2048,65537,b'sha256WithRSAEncryption'
974000,jetteknoloji.com,Google Trust Services LLC,89,RSA,2048,65537,b'sha256WithRSAEncryption'
975000,eccontainer.cn,Google Trust Services LLC,89,RSA,2048,65537,b'sha256WithRSAEncryption'
977000,bezdep-casinos1.space,Let's Encrypt,89,EC,256,none,b'ecdsa-with-SHA384'
979000,250.com.au,ZeroSSL,90,EC,256,none,b'ecdsa-with-SHA384'
980000,iscqg.cn,Let's Encrypt,89,EC,256,none,b'ecdsa-with-SHA384'
981000,kubatana.net,Let's Encrypt,89,RSA,2048,65537,b'sha256WithRSAEncryption'
982000,wl258.cn,Google Trust Services LLC,89,RSA,2048,65537,b'sha256WithRSAEncryption'
984000,jellice-cart.com,Let's Encrypt,89,RSA,2048,65537,b'sha256WithRSAEncryption'
985000,forenverzeichnis.com,Let's Encrypt,89,RSA,2048,65537,b'sha256WithRSAEncryption'
986000,mael-tv.online,Let's Encrypt,89,EC,256,none,b'ecdsa-with-SHA384'
987000,serenitycoast.com,GoGetSSL,396,RSA,2048,65537,b'sha256WithRSAEncryption'
990000,fcgcfw.cn,Google Trust Services LLC,89,RSA,2048,65537,b'sha256WithRSAEncryption'
991000,incrementx.com,Unizeto Technologies S.A.,364,RSA,2048,65537,b'sha256WithRSAEncryption'
993000,huismarseille.nl,Let's Encrypt,89,RSA,4096,65537,b'sha256WithRSAEncryption'
994000,wlkdreamx.com,Let's Encrypt,89,RSA,4096,65537,b'sha256WithRSAEncryption'
996000,myubi.tv,Let's Encrypt,89,EC,256,none,b'ecdsa-with-SHA384'
997000,champion-casino-rwd.buzz,DigiCert Inc,365,RSA,2048,65537,b'sha256WithRSAEncryption'
998000,xn--e02bi23c.biz,"Cloudflare, Inc.",365,EC,256,none,b'ecdsa-with-SHA256'
