1,google.com,Google Trust Services LLC,83,EC,256,none,b'sha256WithRSAEncryption'
2,facebook.com,DigiCert Inc,90,EC,256,none,b'sha256WithRSAEncryption'
5,microsoft.com,Microsoft Corporation,360,RSA,2048,65537,b'sha384WithRSAEncryption'
6,googleapis.com,Google Trust Services LLC,83,EC,256,none,b'sha256WithRSAEncryption'
7,apple.com,Apple Inc.,90,EC,256,none,b'ecdsa-with-SHA256'
8,youtube.com,Google Trust Services LLC,83,EC,256,none,b'sha256WithRSAEncryption'
11,twitter.com,DigiCert Inc,364,RSA,2048,65537,b'sha256WithRSAEncryption'
12,instagram.com,DigiCert Inc,90,EC,256,none,b'sha256WithRSAEncryption'
14,azure.com,Microsoft Corporation,360,RSA,2048,65537,b'sha384WithRSAEncryption'
15,gstatic.com,Google Trust Services LLC,83,EC,256,none,b'sha256WithRSAEncryption'
16,cloudflare.com,"Cloudflare, Inc.",336,EC,256,none,b'ecdsa-with-SHA256'
17,linkedin.com,DigiCert Inc,182,RSA,2048,65537,b'sha256WithRSAEncryption'
18,live.com,DigiCert Inc,366,RSA,2048,65537,b'sha256WithRSAEncryption'
20,office.com,Microsoft Corporation,360,RSA,2048,65537,b'sha384WithRSAEncryption'
21,doubleclick.net,Google Trust Services LLC,83,EC,256,none,b'sha256WithRSAEncryption'
24,googletagmanager.com,Google Trust Services LLC,83,EC,256,none,b'sha256WithRSAEncryption'
25,netflix.com,DigiCert Inc,365,EC,256,none,b'ecdsa-with-SHA256'
27,fbcdn.net,DigiCert Inc,90,RSA,2048,65537,b'sha256WithRSAEncryption'
28,amazon.com,DigiCert Inc,251,RSA,2048,65537,b'sha256WithRSAEncryption'
31,wikipedia.org,Let's Encrypt,89,EC,256,none,b'sha256WithRSAEncryption'
32,bing.com,Microsoft Corporation,158,RSA,2048,65537,b'sha384WithRSAEncryption'
33,fastly.net,GlobalSign nv-sa,396,RSA,2048,65537,b'sha256WithRSAEncryption'
34,icloud.com,Apple Inc.,90,EC,256,none,b'ecdsa-with-SHA256'
35,googleusercontent.com,Google Trust Services LLC,83,EC,256,none,b'sha256WithRSAEncryption'
38,wordpress.org,Sectigo Limited,396,EC,256,none,b'ecdsa-with-SHA256'
41,youtu.be,Google Trust Services LLC,83,EC,256,none,b'sha256WithRSAEncryption'
42,yahoo.com,DigiCert Inc,176,EC,256,none,b'sha256WithRSAEncryption'
43,digicert.com,DigiCert Inc,298,RSA,2048,65537,b'sha256WithRSAEncryption'
45,mail.ru,GlobalSign nv-sa,396,RSA,2048,65537,b'sha256WithRSAEncryption'
46,pinterest.com,DigiCert Inc,373,RSA,2048,65537,b'sha256WithRSAEncryption'
47,github.com,DigiCert Inc,394,EC,256,none,b'ecdsa-with-SHA384'
48,ui.com,Amazon,394,RSA,2048,65537,b'sha256WithRSAEncryption'
49,tiktokv.com,DigiCert Inc,396,EC,256,none,b'ecdsa-with-SHA256'
51,sharepoint.com,Microsoft Corporation,360,RSA,2048,65537,b'sha384WithRSAEncryption'
54,adobe.com,DigiCert Inc,365,EC,256,none,b'sha256WithRSAEncryption'
55,googlesyndication.com,Google Trust Services LLC,83,EC,256,none,b'sha256WithRSAEncryption'
56,goo.gl,Google Trust Services LLC,83,EC,256,none,b'sha256WithRSAEncryption'
58,spotify.com,DigiCert Inc,365,RSA,2048,65537,b'sha256WithRSAEncryption'
59,wordpress.com,Sectigo Limited,396,EC,256,none,b'ecdsa-with-SHA256'
60,vimeo.com,"Cloudflare, Inc.",364,EC,256,none,b'ecdsa-with-SHA256'
61,google-analytics.com,Google Trust Services LLC,83,EC,256,none,b'sha256WithRSAEncryption'
62,gandi.net,Sectigo Limited,373,RSA,2048,65537,b'sha256WithRSAEncryption'
66,zoom.us,DigiCert Inc,382,RSA,2048,65537,b'sha256WithRSAEncryption'
67,msn.com,Microsoft Corporation,321,RSA,2048,65537,b'sha384WithRSAEncryption'
68,bit.ly,DigiCert Inc,369,RSA,2048,65537,b'sha256WithRSAEncryption'
69,skype.com,Microsoft Corporation,360,RSA,2048,65537,b'sha384WithRSAEncryption'
72,office365.com,Microsoft Corporation,360,RSA,2048,65537,b'sha384WithRSAEncryption'
73,whatsapp.net,DigiCert Inc,90,EC,256,none,b'sha256WithRSAEncryption'
74,yandex.net,GlobalSign nv-sa,181,EC,256,none,b'ecdsa-with-SHA384'
75,cloudflare.net,"Cloudflare, Inc.",365,EC,256,none,b'ecdsa-with-SHA256'
76,whatsapp.com,DigiCert Inc,90,EC,256,none,b'sha256WithRSAEncryption'
77,mozilla.org,Let's Encrypt,89,RSA,2048,65537,b'sha256WithRSAEncryption'
78,qq.com,DigiCert Inc,396,RSA,2048,65537,b'sha256WithRSAEncryption'
79,ntp.org,Let's Encrypt,89,RSA,2048,65537,b'sha256WithRSAEncryption'
80,tiktok.com,"DigiCert, Inc.",396,RSA,2048,65537,b'sha256WithRSAEncryption'
82,roblox.com,Sectigo Limited,365,RSA,2048,65537,b'sha256WithRSAEncryption'
83,app-measurement.com,Google Trust Services LLC,83,EC,256,none,b'sha256WithRSAEncryption'
84,blogspot.com,Google Trust Services LLC,83,EC,256,none,b'sha256WithRSAEncryption'
85,intuit.com,DigiCert Inc,365,RSA,2048,65537,b'sha256WithRSAEncryption'
86,cloudflare-dns.com,DigiCert Inc,388,EC,256,none,b'sha256WithRSAEncryption'
87,googledomains.com,Google Trust Services LLC,83,EC,256,none,b'sha256WithRSAEncryption'
89,outlook.com,DigiCert Inc,365,RSA,2048,65537,b'sha256WithRSAEncryption'
90,reddit.com,DigiCert Inc,180,RSA,2048,65537,b'sha256WithRSAEncryption'
93,snapchat.com,DigiCert Inc,365,RSA,2048,65537,b'sha256WithRSAEncryption'
94,yandex.ru,GlobalSign nv-sa,181,EC,256,none,b'ecdsa-with-SHA384'
95,opera.com,DigiCert Inc,370,EC,256,none,b'ecdsa-with-SHA384'
97,europa.eu,GlobalSign nv-sa,346,RSA,2048,65537,b'sha256WithRSAEncryption'
99,epicgames.com,Amazon,394,RSA,2048,65537,b'sha256WithRSAEncryption'
100,pki.goog,Google Trust Services LLC,83,EC,256,none,b'sha256WithRSAEncryption'
101,nic.ru,GlobalSign nv-sa,396,RSA,2048,65537,b'sha256WithRSAEncryption'
102,baidu.com,DigiCert Inc,396,RSA,2048,65537,b'sha256WithRSAEncryption'
104,dropbox.com,DigiCert Inc,396,RSA,2048,65537,b'sha256WithRSAEncryption'
106,tumblr.com,Sectigo Limited,396,EC,256,none,b'ecdsa-with-SHA256'
109,nih.gov,"GoDaddy.com, Inc.",395,RSA,2048,65537,b'sha256WithRSAEncryption'
110,criteo.com,Let's Encrypt,89,RSA,2048,65537,b'sha256WithRSAEncryption'
115,gravatar.com,Sectigo Limited,396,EC,256,none,b'ecdsa-with-SHA256'
117,lencr.org,Let's Encrypt,89,EC,256,none,b'sha256WithRSAEncryption'
118,flickr.com,Amazon,394,RSA,2048,65537,b'sha256WithRSAEncryption'
120,nytimes.com,DigiCert Inc,396,RSA,2048,65537,b'sha256WithRSAEncryption'
121,github.io,DigiCert Inc,393,RSA,2048,65537,b'sha256WithRSAEncryption'
122,windows.com,Microsoft Corporation,360,RSA,2048,65537,b'sha384WithRSAEncryption'
123,health.mil,DigiCert Inc,373,RSA,2048,65537,b'sha256WithRSAEncryption'
129,sentry.io,DigiCert Inc,396,RSA,2048,65537,b'sha256WithRSAEncryption'
130,webex.com,IdenTrust,364,RSA,2048,65537,b'sha256WithRSAEncryption'
131,t.me,"GoDaddy.com, Inc.",397,RSA,2048,65537,b'sha256WithRSAEncryption'
132,unity3d.com,DigiCert Inc,367,RSA,2048,65537,b'sha256WithRSAEncryption'
136,googleadservices.com,Google Trust Services LLC,83,EC,256,none,b'sha256WithRSAEncryption'
137,samsung.com,Sectigo Limited,396,RSA,2048,65537,b'sha256WithRSAEncryption'
142,wa.me,DigiCert Inc,90,EC,256,none,b'sha256WithRSAEncryption'
143,zemanta.com,DigiCert Inc,369,EC,256,none,b'sha256WithRSAEncryption'
144,sberdevices.ru,Let's Encrypt,89,RSA,2048,65537,b'sha256WithRSAEncryption'
145,forms.gle,Google Trust Services LLC,90,RSA,2048,65537,b'sha256WithRSAEncryption'
147,paypal.com,DigiCert Inc,196,RSA,2048,65537,b'sha256WithRSAEncryption'
148,apache.org,Let's Encrypt,89,RSA,2048,65537,b'sha256WithRSAEncryption'
149,casalemedia.com,"Cloudflare, Inc.",365,EC,256,none,b'ecdsa-with-SHA256'
152,amazonvideo.com,Amazon,394,RSA,2048,65537,b'sha256WithRSAEncryption'
153,cnn.com,GlobalSign nv-sa,396,RSA,2048,65537,b'sha256WithRSAEncryption'
154,facebook-hardware.com,DigiCert Inc,90,RSA,2048,65537,b'sha256WithRSAEncryption'
156,meraki.com,Amazon,394,RSA,2048,65537,b'sha256WithRSAEncryption'
158,soundcloud.com,GlobalSign nv-sa,396,RSA,2048,65537,b'sha256WithRSAEncryption'
161,archive.org,"GoDaddy.com, Inc.",397,RSA,2048,65537,b'sha256WithRSAEncryption'
165,t.co,DigiCert Inc,364,RSA,2048,65537,b'sha256WithRSAEncryption'
166,mozilla.com,Let's Encrypt,89,RSA,2048,65537,b'sha256WithRSAEncryption'
167,salesforceliveagent.com,DigiCert Inc,364,RSA,4096,65537,b'sha256WithRSAEncryption'
168,medium.com,"Cloudflare, Inc.",90,EC,256,none,b'ecdsa-with-SHA256'
169,vk.com,GlobalSign nv-sa,340,EC,256,none,b'sha256WithRSAEncryption'
170,theguardian.com,GlobalSign nv-sa,396,RSA,2048,65537,b'sha256WithRSAEncryption'
171,salesforce.com,DigiCert Inc,364,RSA,2048,65537,b'sha256WithRSAEncryption'
172,gmail.com,Google Trust Services LLC,83,EC,256,none,b'sha256WithRSAEncryption'
173,w3.org,"Cloudflare, Inc.",340,EC,256,none,b'ecdsa-with-SHA256'
174,appsflyer.com,Amazon,394,RSA,2048,65537,b'sha256WithRSAEncryption'
175,pubmatic.com,Amazon,394,RSA,2048,65537,b'sha256WithRSAEncryption'
177,applovin.com,"Cloudflare, Inc.",364,EC,256,none,b'ecdsa-with-SHA256'
178,forbes.com,GlobalSign nv-sa,396,RSA,2048,65537,b'sha256WithRSAEncryption'
182,taboola.com,DigiCert Inc,396,RSA,2048,65537,b'sha256WithRSAEncryption'
183,ebay.com,Sectigo Limited,365,RSA,2048,65537,b'sha256WithRSAEncryption'
184,bbc.co.uk,GlobalSign nv-sa,347,RSA,2048,65537,b'sha256WithRSAEncryption'
186,dns.google,Google Trust Services LLC,83,EC,256,none,b'sha256WithRSAEncryption'
188,rambler.ru,GlobalSign nv-sa,396,RSA,2048,65537,b'sha256WithRSAEncryption'
190,googleblog.com,Google Trust Services LLC,83,EC,256,none,b'sha256WithRSAEncryption'
191,adobe.io,DigiCert Inc,396,RSA,2048,65537,b'sha256WithRSAEncryption'
193,mzstatic.com,Apple Inc.,90,RSA,2048,65537,b'sha256WithRSAEncryption'
194,bbc.com,GlobalSign nv-sa,347,RSA,2048,65537,b'sha256WithRSAEncryption'
195,xiaomi.com,"DigiCert, Inc.",391,RSA,2048,65537,b'sha256WithRSAEncryption'
196,creativecommons.org,"Cloudflare, Inc.",365,EC,256,none,b'ecdsa-with-SHA256'
198,myfritz.net,DigiCert Inc,367,RSA,2048,65537,b'sha256WithRSAEncryption'
199,sourceforge.net,"Cloudflare, Inc.",90,EC,256,none,b'ecdsa-with-SHA256'
200,smartadserver.com,Google Trust Services LLC,90,RSA,2048,65537,b'sha256WithRSAEncryption'
201,kaspersky.com,DigiCert Inc,365,RSA,2048,65537,b'sha256WithRSAEncryption'
202,sciencedirect.com,"Cloudflare, Inc.",365,EC,256,none,b'ecdsa-with-SHA256'
204,discord.com,"Cloudflare, Inc.",365,EC,256,none,b'ecdsa-with-SHA256'
207,imdb.com,Amazon,335,RSA,2048,65537,b'sha256WithRSAEncryption'
209,hp.com,DigiCert Inc,365,RSA,2048,65537,b'sha256WithRSAEncryption'
210,miui.com,"DigiCert, Inc.",396,RSA,2048,65537,b'sha256WithRSAEncryption'
211,mit.edu,DigiCert Inc,366,RSA,2048,65537,b'sha256WithRSAEncryption'
212,shopify.com,Let's Encrypt,89,EC,256,none,b'ecdsa-with-SHA384'
213,nginx.org,Let's Encrypt,89,RSA,2048,65537,b'sha256WithRSAEncryption'
214,userapi.com,GlobalSign nv-sa,339,EC,256,none,b'sha256WithRSAEncryption'
216,twitch.tv,GlobalSign nv-sa,396,RSA,2048,65537,b'sha256WithRSAEncryption'
217,slack.com,Let's Encrypt,89,RSA,2048,65537,b'sha256WithRSAEncryption'
218,comfortel.pro,Let's Encrypt,89,EC,256,none,b'sha256WithRSAEncryption'
221,who.int,"Cloudflare, Inc.",364,EC,256,none,b'ecdsa-with-SHA256'
222,ubuntu.com,Let's Encrypt,89,RSA,2048,65537,b'sha256WithRSAEncryption'
226,openx.net,DigiCert Inc,366,RSA,2048,65537,b'sha256WithRSAEncryption'
227,washingtonpost.com,"Entrust, Inc.",396,RSA,2048,65537,b'sha256WithRSAEncryption'
229,nginx.com,Let's Encrypt,89,EC,256,none,b'sha256WithRSAEncryption'
230,ampproject.org,Google Trust Services LLC,83,EC,256,none,b'sha256WithRSAEncryption'
231,doubleverify.com,Let's Encrypt,89,EC,256,none,b'sha256WithRSAEncryption'
232,adsrvr.org,GlobalSign nv-sa,396,RSA,2048,65537,b'sha256WithRSAEncryption'
234,go.com,"Entrust, Inc.",167,RSA,2048,65537,b'sha256WithRSAEncryption'
235,amazon.co.uk,DigiCert Inc,251,RSA,2048,65537,b'sha256WithRSAEncryption'
236,researchgate.net,GlobalSign nv-sa,396,RSA,2048,65537,b'sha256WithRSAEncryption'
237,issuu.com,GlobalSign nv-sa,396,RSA,2048,65537,b'sha256WithRSAEncryption'
238,wikimedia.org,Let's Encrypt,89,EC,256,none,b'sha256WithRSAEncryption'
241,b-cdn.net,Sectigo Limited,372,RSA,2048,65537,b'sha256WithRSAEncryption'
242,t-mobile.com,"Entrust, Inc.",366,RSA,2048,65537,b'sha256WithRSAEncryption'
243,launchdarkly.com,Let's Encrypt,89,EC,256,none,b'sha256WithRSAEncryption'
245,aliyuncs.com,GlobalSign nv-sa,161,RSA,2048,65537,b'sha256WithRSAEncryption'
246,android.com,Google Trust Services LLC,83,EC,256,none,b'sha256WithRSAEncryption'
247,mcafee.com,"McAfee, Inc.",365,RSA,2048,65537,b'sha256WithRSAEncryption'
248,aol.com,DigiCert Inc,176,EC,256,none,b'sha256WithRSAEncryption'
249,hubspot.com,Google Trust Services LLC,89,RSA,2048,65537,b'sha256WithRSAEncryption'
250,wp.com,Sectigo Limited,396,EC,256,none,b'ecdsa-with-SHA256'
251,cdc.gov,"Entrust, Inc.",365,RSA,2048,65537,b'sha256WithRSAEncryption'
252,hipages.com.au,Amazon,394,RSA,2048,65537,b'sha256WithRSAEncryption'
253,dailymail.co.uk,DigiCert Inc,366,EC,256,none,b'sha256WithRSAEncryption'
254,tinyurl.com,Google Trust Services LLC,89,RSA,2048,65537,b'sha256WithRSAEncryption'
257,opendns.com,Let's Encrypt,89,RSA,2048,65537,b'sha256WithRSAEncryption'
259,dnsmadeeasy.com,Let's Encrypt,89,RSA,2048,65537,b'sha256WithRSAEncryption'
263,booking.com,DigiCert Inc,341,RSA,2048,65537,b'sha256WithRSAEncryption'
264,weebly.com,DigiCert Inc,376,RSA,2048,65537,b'sha256WithRSAEncryption'
265,reuters.com,COMODO CA Limited,365,RSA,2048,65537,b'sha256WithRSAEncryption'
266,appcenter.ms,"DigiCert, Inc.",183,RSA,2048,65537,b'sha256WithRSAEncryption'
268,harvard.edu,Certainly,29,RSA,2048,65537,b'sha256WithRSAEncryption'
269,oracle.com,DigiCert Inc,94,RSA,2048,65537,b'sha256WithRSAEncryption'
270,doi.org,Let's Encrypt,89,EC,256,none,b'ecdsa-with-SHA384'
271,360yield.com,Amazon,394,RSA,2048,65537,b'sha256WithRSAEncryption'
272,slideshare.net,Let's Encrypt,89,RSA,2048,65537,b'sha256WithRSAEncryption'
273,canva.com,Google Trust Services LLC,89,RSA,2048,65537,b'sha256WithRSAEncryption'
275,sharethrough.com,Let's Encrypt,89,RSA,2048,65537,b'sha256WithRSAEncryption'
276,3lift.com,Amazon,394,RSA,2048,65537,b'sha256WithRSAEncryption'
278,espn.com,"Entrust, Inc.",365,RSA,2048,65537,b'sha256WithRSAEncryption'
279,force.com,DigiCert Inc,364,RSA,2048,65537,b'sha256WithRSAEncryption'
281,www.gov.uk,GlobalSign nv-sa,396,RSA,2048,65537,b'sha256WithRSAEncryption'
282,ibm.com,DigiCert Inc,366,EC,256,none,b'sha256WithRSAEncryption'
283,adriver.ru,GlobalSign nv-sa,396,RSA,2048,65537,b'sha256WithRSAEncryption'
285,roku.com,DigiCert Inc,396,RSA,2048,65537,b'sha256WithRSAEncryption'
286,teamviewer.com,Sectigo Limited,396,RSA,2048,65537,b'sha256WithRSAEncryption'
287,nist.gov,Let's Encrypt,89,RSA,2048,65537,b'sha256WithRSAEncryption'
288,media.net,Sectigo Limited,388,RSA,2048,65537,b'sha256WithRSAEncryption'
289,google.de,Google Trust Services LLC,83,EC,256,none,b'sha256WithRSAEncryption'
290,vungle.com,"Cloudflare, Inc.",365,EC,256,none,b'ecdsa-with-SHA256'
291,weibo.com,DigiCert Inc,376,EC,256,none,b'sha256WithRSAEncryption'
292,wildberries.ru,GlobalSign nv-sa,396,RSA,2048,65537,b'sha256WithRSAEncryption'
293,google.co.uk,Google Trust Services LLC,83,EC,256,none,b'sha256WithRSAEncryption'
294,grammarly.com,Amazon,395,RSA,2048,65537,b'sha256WithRSAEncryption'
295,indeed.com,Let's Encrypt,89,EC,256,none,b'ecdsa-with-SHA384'
296,bloomberg.com,DigiCert Inc,395,RSA,2048,65537,b'sha256WithRSAEncryption'
297,etsy.com,GlobalSign nv-sa,396,RSA,2048,65537,b'sha256WithRSAEncryption'
299,crashlytics.com,Google Trust Services LLC,83,EC,256,none,b'sha256WithRSAEncryption'
302,steampowered.com,Let's Encrypt,89,RSA,2048,65537,b'sha256WithRSAEncryption'
303,dailymotion.com,ZeroSSL,90,RSA,2048,65537,b'sha384WithRSAEncryption'
304,wsj.com,Amazon,394,RSA,2048,65537,b'sha256WithRSAEncryption'
305,wiley.com,DigiCert Inc,372,RSA,2048,65537,b'sha256WithRSAEncryption'
307,reg.ru,GlobalSign nv-sa,396,RSA,4096,65537,b'sha256WithRSAEncryption'
309,google.com.br,Google Trust Services LLC,83,EC,256,none,b'sha256WithRSAEncryption'
312,nature.com,Let's Encrypt,89,RSA,2048,65537,b'sha256WithRSAEncryption'
315,dell.com,"Entrust, Inc.",388,RSA,2048,65537,b'sha256WithRSAEncryption'
316,php.net,Let's Encrypt,89,EC,256,none,b'sha256WithRSAEncryption'
318,criteo.net,DigiCert Inc,86,EC,256,none,b'sha256WithRSAEncryption'
319,weather.com,DigiCert Inc,365,EC,256,none,b'sha256WithRSAEncryption'
321,stripe.com,DigiCert Inc,87,RSA,2048,65537,b'sha256WithRSAEncryption'
322,branch.io,Amazon,394,RSA,2048,65537,b'sha256WithRSAEncryption'
391,time.com,Amazon,394,RSA,2048,65537,b'sha256WithRSAEncryption'
393,telegraph.co.uk,Amazon,393,RSA,2048,65537,b'sha256WithRSAEncryption'
395,ups.com,COMODO CA Limited,365,RSA,2048,65537,b'sha256WithRSAEncryption'
396,linktr.ee,Let's Encrypt,89,RSA,2048,65537,b'sha256WithRSAEncryption'
398,taobao.com,GlobalSign nv-sa,396,RSA,2048,65537,b'sha256WithRSAEncryption'
399,goodreads.com,Amazon,355,RSA,2048,65537,b'sha256WithRSAEncryption'
401,walmart.com,GlobalSign nv-sa,396,EC,256,none,b'ecdsa-with-SHA384'
404,hugedomains.com,"Cloudflare, Inc.",365,EC,256,none,b'ecdsa-with-SHA256'
405,netangels.ru,Let's Encrypt,89,RSA,2048,65537,b'sha256WithRSAEncryption'
406,forter.com,"Cloudflare, Inc.",364,EC,256,none,b'ecdsa-with-SHA256'
408,tradingview.com,Amazon,395,RSA,2048,65537,b'sha256WithRSAEncryption'
409,staples.com,DigiCert Inc,396,RSA,2048,65537,b'sha256WithRSAEncryption'
410,g.page,Google Trust Services LLC,83,EC,256,none,b'sha256WithRSAEncryption'
413,statista.com,Amazon,394,RSA,2048,65537,b'sha256WithRSAEncryption'
414,amazon.de,DigiCert Inc,251,RSA,2048,65537,b'sha256WithRSAEncryption'
415,blogger.com,Google Trust Services LLC,83,EC,256,none,b'sha256WithRSAEncryption'
417,badoo.com,Let's Encrypt,89,RSA,2048,65537,b'sha256WithRSAEncryption'
418,addtoany.com,"Cloudflare, Inc.",365,EC,256,none,b'ecdsa-with-SHA256'
419,independent.co.uk,GlobalSign nv-sa,396,RSA,2048,65537,b'sha256WithRSAEncryption'
420,hotjar.com,Amazon,393,RSA,2048,65537,b'sha256WithRSAEncryption'
422,wired.com,GlobalSign nv-sa,396,RSA,2048,65537,b'sha256WithRSAEncryption'
423,duckduckgo.com,DigiCert Inc,396,RSA,2048,65537,b'sha256WithRSAEncryption'
424,pixabay.com,"Cloudflare, Inc.",365,EC,256,none,b'ecdsa-with-SHA256'
425,verkada.com,Amazon,395,RSA,2048,65537,b'sha256WithRSAEncryption'
427,shipt.com,DigiCert Inc,396,RSA,2048,65537,b'sha256WithRSAEncryption'
429,nvidia.com,Amazon,394,RSA,2048,65537,b'sha256WithRSAEncryption'
430,myshopify.com,"Cloudflare, Inc.",364,EC,256,none,b'ecdsa-with-SHA256'
431,scribd.com,Let's Encrypt,89,RSA,2048,65537,b'sha256WithRSAEncryption'
432,bilibili.com,GlobalSign nv-sa,396,RSA,2048,65537,b'sha256WithRSAEncryption'
434,healthline.com,Amazon,394,RSA,2048,65537,b'sha256WithRSAEncryption'
435,surveymonkey.com,Amazon,394,RSA,2048,65537,b'sha256WithRSAEncryption'
438,hostgator.com,Google Trust Services LLC,89,RSA,2048,65537,b'sha256WithRSAEncryption'
439,duckdns.org,Amazon,394,RSA,2048,65537,b'sha256WithRSAEncryption'
441,ngenix.net,GlobalSign nv-sa,396,RSA,2048,65537,b'sha256WithRSAEncryption'
442,creativecdn.com,DigiCert Inc,396,RSA,2048,65537,b'sha256WithRSAEncryption'
443,amzn.to,Let's Encrypt,89,RSA,2048,65537,b'sha256WithRSAEncryption'
444,ozon.ru,GlobalSign nv-sa,396,RSA,2048,65537,b'sha256WithRSAEncryption'
445,cnet.com,Google Trust Services LLC,90,RSA,2048,65537,b'sha256WithRSAEncryption'
446,speedtest.net,GlobalSign nv-sa,396,RSA,2048,65537,b'sha256WithRSAEncryption'
447,avast.com,DigiCert Inc,358,RSA,2048,65537,b'sha256WithRSAEncryption'
449,naver.com,DigiCert Inc,381,RSA,2048,65537,b'sha256WithRSAEncryption'
452,ok.ru,GlobalSign nv-sa,364,RSA,2048,65537,b'sha256WithRSAEncryption'
453,imgur.com,Sectigo Limited,365,RSA,2048,65537,b'sha256WithRSAEncryption'
454,zendesk.com,DigiCert Inc,365,RSA,2048,65537,b'sha256WithRSAEncryption'
457,dzen.ru,GlobalSign nv-sa,396,RSA,2048,65537,b'sha256WithRSAEncryption'
458,uber.com,DigiCert Inc,364,RSA,2048,65537,b'sha256WithRSAEncryption'
460,mayoclinic.org,Sectigo Limited,365,RSA,2048,65537,b'sha256WithRSAEncryption'
461,mikrotik.com,DigiCert Inc,396,RSA,2048,65537,b'sha256WithRSAEncryption'
462,bitrix24.ru,"GoDaddy.com, Inc.",397,RSA,2048,65537,b'sha256WithRSAEncryption'
463,ted.com,Amazon,395,RSA,2048,65537,b'sha256WithRSAEncryption'
464,verisign.com,DigiCert Inc,368,RSA,2048,65537,b'sha256WithRSAEncryption'
466,ft.com,GlobalSign nv-sa,396,RSA,2048,65537,b'sha256WithRSAEncryption'
467,adtelligent.com,Sectigo Limited,395,RSA,2048,65537,b'sha256WithRSAEncryption'
468,behance.net,Let's Encrypt,89,RSA,2048,65537,b'sha256WithRSAEncryption'
469,indiatimes.com,DigiCert Inc,367,EC,256,none,b'sha256WithRSAEncryption'
470,xhamster.com,Let's Encrypt,89,EC,256,none,b'ecdsa-with-SHA384'
471,alibaba.com,GlobalSign nv-sa,396,EC,256,none,b'sha256WithRSAEncryption'
473,example.com,DigiCert Inc,396,RSA,2048,65537,b'sha256WithRSAEncryption'
474,amazontrust.com,Amazon,394,RSA,2048,65537,b'sha256WithRSAEncryption'
475,cloudflareclient.com,"Cloudflare, Inc.",365,EC,256,none,b'ecdsa-with-SHA256'
476,entrust.net,"Entrust, Inc.",395,RSA,2048,65537,b'sha256WithRSAEncryption'
477,debian.org,Let's Encrypt,89,RSA,2048,65537,b'sha256WithRSAEncryption'
478,imgsmail.ru,GlobalSign nv-sa,396,RSA,2048,65537,b'sha256WithRSAEncryption'
479,buzzfeed.com,Amazon,394,RSA,2048,65537,b'sha256WithRSAEncryption'
480,deviantart.com,Amazon,393,RSA,2048,65537,b'sha256WithRSAEncryption'
481,inmobi.com,Sectigo Limited,365,RSA,2048,65537,b'sha256WithRSAEncryption'
482,disqus.com,Sectigo Limited,373,RSA,2048,65537,b'sha256WithRSAEncryption'
483,mysql.com,DigiCert Inc,94,RSA,2048,65537,b'sha256WithRSAEncryption'
485,consultant.ru,GlobalSign nv-sa,396,RSA,2048,65537,b'sha256WithRSAEncryption'
486,google.ca,Google Trust Services LLC,83,EC,256,none,b'sha256WithRSAEncryption'
487,icloud-content.com,Apple Inc.,90,RSA,2048,65537,b'sha256WithRSAEncryption'
488,pandora.com,DigiCert Inc,396,RSA,2048,65537,b'sha256WithRSAEncryption'
489,gosuslugi.ru,GlobalSign nv-sa,396,RSA,2048,65537,b'sha256WithRSAEncryption'
490,webmd.com,ZeroSSL,90,RSA,2048,65537,b'sha384WithRSAEncryption'
491,mediatek.com,GlobalSign nv-sa,396,RSA,2048,65537,b'sha256WithRSAEncryption'
493,rakuten.co.jp,DigiCert Inc,390,RSA,2048,65537,b'sha256WithRSAEncryption'
494,google.fr,Google Trust Services LLC,83,EC,256,none,b'sha256WithRSAEncryption'
495,line.me,GlobalSign nv-sa,396,RSA,2048,65537,b'sha256WithRSAEncryption'
496,digitalocean.com,"Cloudflare, Inc.",365,EC,256,none,b'ecdsa-with-SHA256'
498,amazon.co.jp,DigiCert Inc,251,RSA,2048,65537,b'sha256WithRSAEncryption'
499,duolingo.com,"GoDaddy.com, Inc.",397,RSA,2048,65537,b'sha256WithRSAEncryption'
500,telegram.me,"GoDaddy.com, Inc.",397,RSA,2048,65537,b'sha256WithRSAEncryption'
501,ivi.ru,GlobalSign nv-sa,396,RSA,2048,65537,b'sha256WithRSAEncryption'
503,ca.gov,Sectigo Limited,365,RSA,4096,65537,b'sha256WithRSAEncryption'
506,squarespace.com,DigiCert Inc,365,RSA,2048,65537,b'sha256WithRSAEncryption'
508,loc.gov,"Entrust, Inc.",397,RSA,2048,65537,b'sha256WithRSAEncryption'
509,mega.co.nz,Sectigo Limited,396,RSA,2048,65537,b'sha256WithRSAEncryption'
510,robinhood.com,Amazon,394,RSA,2048,65537,b'sha256WithRSAEncryption'
511,shutterstock.com,Amazon,394,RSA,2048,65537,b'sha256WithRSAEncryption'
512,berkeley.edu,"Cloudflare, Inc.",364,EC,256,none,b'ecdsa-with-SHA256'
513,google.es,Google Trust Services LLC,83,EC,256,none,b'sha256WithRSAEncryption'
516,cbsnews.com,Sectigo Limited,386,RSA,2048,65537,b'sha256WithRSAEncryption'
517,google.co.jp,Google Trust Services LLC,83,EC,256,none,b'sha256WithRSAEncryption'
518,marriott.com,"Entrust, Inc.",325,RSA,2048,65537,b'sha256WithRSAEncryption'
520,tripadvisor.com,GlobalSign nv-sa,396,RSA,2048,65537,b'sha256WithRSAEncryption'
521,att.com,DigiCert Inc,387,RSA,2048,65537,b'sha256WithRSAEncryption'
522,mailchimp.com,DigiCert Inc,366,RSA,2048,65537,b'sha256WithRSAEncryption'
523,telefonica.de,DigiCert Inc,389,RSA,2048,65537,b'sha256WithRSAEncryption'
525,google.it,Google Trust Services LLC,83,EC,256,none,b'sha256WithRSAEncryption'
527,sina.com.cn,DigiCert Inc,396,RSA,2048,65537,b'sha256WithRSAEncryption'
528,yelp.com,DigiCert Inc,379,RSA,2048,65537,b'sha256WithRSAEncryption'
529,jquery.com,"Cloudflare, Inc.",365,EC,256,none,b'ecdsa-with-SHA256'
530,trustpilot.com,Amazon,394,RSA,2048,65537,b'sha256WithRSAEncryption'
532,atlassian.com,Amazon,395,RSA,2048,65537,b'sha256WithRSAEncryption'
533,myspace.com,"GoDaddy.com, Inc.",397,RSA,2048,65537,b'sha256WithRSAEncryption'
534,livejournal.com,GlobalSign nv-sa,396,RSA,2048,65537,b'sha256WithRSAEncryption'
535,braze.com,"Cloudflare, Inc.",365,EC,256,none,b'ecdsa-with-SHA256'
536,ezvizlife.com,"Entrust, Inc.",389,RSA,2048,65537,b'sha256WithRSAEncryption'
537,fb.com,DigiCert Inc,90,RSA,2048,65537,b'sha256WithRSAEncryption'
538,autodesk.com,Amazon,395,RSA,2048,65537,b'sha256WithRSAEncryption'
539,mob.com,"DigiCert, Inc.",396,RSA,2048,65537,b'sha256WithRSAEncryption'
541,aboutads.info,Amazon,394,RSA,2048,65537,b'sha256WithRSAEncryption'
543,onetrust.com,Google Trust Services LLC,90,RSA,2048,65537,b'sha256WithRSAEncryption'
544,free.fr,DigiCert Inc,384,RSA,2048,65537,b'sha256WithRSAEncryption'
545,steamcommunity.com,DigiCert Inc,366,EC,256,none,b'sha256WithRSAEncryption'
546,latimes.com,Amazon,394,RSA,2048,65537,b'sha256WithRSAEncryption'
547,ikea.com,DigiCert Inc,251,EC,256,none,b'sha256WithRSAEncryption'
549,visualstudio.com,Microsoft Corporation,180,RSA,2048,65537,b'sha384WithRSAEncryption'
550,tandfonline.com,Google Trust Services LLC,90,RSA,2048,65537,b'sha256WithRSAEncryption'
551,patreon.com,"Cloudflare, Inc.",365,EC,256,none,b'ecdsa-with-SHA256'
552,theverge.com,GlobalSign nv-sa,396,RSA,2048,65537,b'sha256WithRSAEncryption'
553,nest.com,Google Trust Services LLC,90,RSA,2048,65537,b'sha256WithRSAEncryption'
554,launchpad.net,Let's Encrypt,89,RSA,2048,65537,b'sha256WithRSAEncryption'
555,mts.ru,GlobalSign nv-sa,396,RSA,2048,65537,b'sha256WithRSAEncryption'
557,techcrunch.com,DigiCert Inc,170,EC,256,none,b'sha256WithRSAEncryption'
561,conviva.com,Let's Encrypt,89,EC,256,none,b'ecdsa-with-SHA384'
563,noaa.gov,Let's Encrypt,89,RSA,2048,65537,b'sha256WithRSAEncryption'
564,oup.com,Amazon,395,RSA,2048,65537,b'sha256WithRSAEncryption'
565,timeweb.ru,GlobalSign nv-sa,396,RSA,2048,65537,b'sha256WithRSAEncryption'
566,ietf.org,"Cloudflare, Inc.",90,EC,256,none,b'ecdsa-with-SHA256'
568,nike.com,Amazon,393,RSA,2048,65537,b'sha256WithRSAEncryption'
569,cornell.edu,Internet2,365,RSA,2048,65537,b'sha384WithRSAEncryption'
570,accuweather.com,DigiCert Inc,344,EC,256,none,b'sha256WithRSAEncryption'
571,merriam-webster.com,Amazon,394,RSA,2048,65537,b'sha256WithRSAEncryption'
572,newrelic.com,DigiCert Inc,361,RSA,2048,65537,b'sha256WithRSAEncryption'
574,freepik.com,Let's Encrypt,89,RSA,2048,65537,b'sha256WithRSAEncryption'
577,shalltry.com,Amazon,394,RSA,2048,65537,b'sha256WithRSAEncryption'
579,yandex.com,GlobalSign nv-sa,181,EC,256,none,b'ecdsa-with-SHA384'
580,google.co.in,Google Trust Services LLC,83,EC,256,none,b'sha256WithRSAEncryption'
581,rackspace.com,Amazon,393,RSA,2048,65537,b'sha256WithRSAEncryption'
583,intel.com,Sectigo Limited,365,RSA,2048,65537,b'sha256WithRSAEncryption'
585,flashtalking.com,DigiCert Inc,365,RSA,2048,65537,b'sha256WithRSAEncryption'
587,qualtrics.com,DigiCert Inc,364,RSA,2048,65537,b'sha256WithRSAEncryption'
588,wattpad.com,Amazon,393,RSA,2048,65537,b'sha256WithRSAEncryption'
589,yieldmo.com,Let's Encrypt,89,RSA,2048,65537,b'sha256WithRSAEncryption'
590,amplitude.com,COMODO CA Limited,387,RSA,2048,65537,b'sha256WithRSAEncryption'
593,pinimg.com,DigiCert Inc,373,RSA,2048,65537,b'sha256WithRSAEncryption'
594,optimizely.com,"Cloudflare, Inc.",364,EC,256,none,b'ecdsa-with-SHA256'
596,getpocket.com,Amazon,394,RSA,2048,65537,b'sha256WithRSAEncryption'
597,warnerbros.com,GlobalSign nv-sa,396,RSA,2048,65537,b'sha256WithRSAEncryption'
599,homedepot.com,"Entrust, Inc.",387,RSA,2048,65537,b'sha256WithRSAEncryption'
600,theatlantic.com,GlobalSign nv-sa,396,RSA,2048,65537,b'sha256WithRSAEncryption'
601,huffingtonpost.com,Amazon,394,RSA,2048,65537,b'sha256WithRSAEncryption'
602,fontawesome.com,DigiCert Inc,396,RSA,2048,65537,b'sha256WithRSAEncryption'
603,calendly.com,Let's Encrypt,89,EC,256,none,b'ecdsa-with-SHA384'
605,aliyun.com,GlobalSign nv-sa,389,EC,256,none,b'sha256WithRSAEncryption'
606,virtualearth.net,Microsoft Corporation,180,RSA,2048,65537,b'sha384WithRSAEncryption'
607,cookielaw.org,"Cloudflare, Inc.",365,EC,256,none,b'ecdsa-with-SHA256'
611,academia.edu,Amazon,395,RSA,2048,65537,b'sha256WithRSAEncryption'
613,yahoo.net,DigiCert Inc,174,EC,256,none,b'sha256WithRSAEncryption'
614,nbcnews.com,"Entrust, Inc.",366,RSA,2048,65537,b'sha256WithRSAEncryption'
615,riotgames.com,DigiCert Inc,396,EC,256,none,b'ecdsa-with-SHA384'
616,prnewswire.com,"Cloudflare, Inc.",365,EC,256,none,b'ecdsa-with-SHA256'
618,apple.news,Apple Inc.,180,RSA,2048,65537,b'sha256WithRSAEncryption'
620,appspot.com,Google Trust Services LLC,83,EC,256,none,b'sha256WithRSAEncryption'
623,britannica.com,Amazon,392,RSA,2048,65537,b'sha256WithRSAEncryption'
624,box.com,DigiCert Inc,365,RSA,2048,65537,b'sha256WithRSAEncryption'
625,livechatinc.com,Let's Encrypt,89,EC,256,none,b'ecdsa-with-SHA384'
626,elpais.com,Let's Encrypt,89,RSA,2048,65537,b'sha256WithRSAEncryption'
628,target.com,GlobalSign nv-sa,396,RSA,2048,65537,b'sha256WithRSAEncryption'
629,uol.com.br,"DigiCert, Inc.",379,RSA,2048,65537,b'sha256WithRSAEncryption'
630,washington.edu,Internet2,365,RSA,2048,65537,b'sha256WithRSAEncryption'
631,ipify.org,Sectigo Limited,376,RSA,2048,65537,b'sha256WithRSAEncryption'
632,life360.com,Amazon,394,RSA,2048,65537,b'sha256WithRSAEncryption'
633,google.com.hk,Google Trust Services LLC,83,EC,256,none,b'sha256WithRSAEncryption'
635,fandom.com,GlobalSign nv-sa,396,RSA,2048,65537,b'sha256WithRSAEncryption'
636,statuspage.io,DigiCert Inc,394,EC,256,none,b'sha256WithRSAEncryption'
637,intercom.io,Amazon,393,RSA,2048,65537,b'sha256WithRSAEncryption'
638,online.net,Sectigo Limited,396,RSA,2048,65537,b'sha256WithRSAEncryption'
639,fbsbx.com,DigiCert Inc,90,RSA,2048,65537,b'sha256WithRSAEncryption'
640,tapad.com,GlobalSign nv-sa,180,RSA,2048,65537,b'sha256WithRSAEncryption'
641,cloudns.net,Sectigo Limited,385,RSA,4096,65537,b'sha256WithRSAEncryption'
642,hulu.com,Sectigo Limited,365,RSA,2048,65537,b'sha256WithRSAEncryption'
645,google.pl,Google Trust Services LLC,83,EC,256,none,b'sha256WithRSAEncryption'
646,quantummetric.com,"Cloudflare, Inc.",365,EC,256,none,b'ecdsa-with-SHA256'
647,stackadapt.com,Let's Encrypt,89,RSA,2048,65537,b'sha256WithRSAEncryption'
649,klaviyo.com,Amazon,394,RSA,2048,65537,b'sha256WithRSAEncryption'
650,fda.gov,IdenTrust,394,EC,256,none,b'sha256WithRSAEncryption'
651,bugsnag.com,DigiCert Inc,365,RSA,2048,65537,b'sha256WithRSAEncryption'
652,w3schools.com,Amazon,394,RSA,2048,65537,b'sha256WithRSAEncryption'
653,xvideos.com,Sectigo Limited,372,RSA,2048,65537,b'sha256WithRSAEncryption'
656,mega.nz,Let's Encrypt,89,RSA,2048,65537,b'sha256WithRSAEncryption'
657,bluehost.com,"Cloudflare, Inc.",338,EC,256,none,b'ecdsa-with-SHA256'
658,temu.com,"GoDaddy.com, Inc.",397,RSA,2048,65537,b'sha256WithRSAEncryption'
661,dns.com,Sectigo Limited,385,RSA,2048,65537,b'sha256WithRSAEncryption'
662,contextweb.com,DigiCert Inc,395,RSA,2048,65537,b'sha256WithRSAEncryption'
666,viber.com,DigiCert Inc,365,RSA,2048,65537,b'sha256WithRSAEncryption'
667,mediafire.com,Sectigo Limited,345,RSA,2048,65537,b'sha256WithRSAEncryption'
668,okta.com,DigiCert Inc,365,RSA,2048,65537,b'sha256WithRSAEncryption'
669,name.com,Google Trust Services LLC,89,RSA,2048,65537,b'sha256WithRSAEncryption'
670,hbr.org,DigiCert Inc,396,RSA,2048,65537,b'sha256WithRSAEncryption'
672,bitdefender.com,DigiCert Inc,388,RSA,2048,65537,b'sha256WithRSAEncryption'
673,amazon.fr,Amazon,351,RSA,2048,65537,b'sha256WithRSAEncryption'
676,pornhub.com,DigiCert Inc,396,EC,256,none,b'ecdsa-with-SHA384'
677,amazon.ca,Amazon,358,RSA,2048,65537,b'sha256WithRSAEncryption'
680,yimg.com,DigiCert Inc,176,EC,256,none,b'sha256WithRSAEncryption'
682,nintendo.com,DigiCert Inc,370,RSA,2048,65537,b'sha256WithRSAEncryption'
683,dns-shop.ru,GlobalSign nv-sa,396,RSA,2048,65537,b'sha256WithRSAEncryption'
686,coinmarketcap.com,Amazon,393,RSA,2048,65537,b'sha256WithRSAEncryption'
687,usda.gov,"Entrust, Inc.",397,RSA,2048,65537,b'sha256WithRSAEncryption'
688,google.com.mx,Google Trust Services LLC,83,EC,256,none,b'sha256WithRSAEncryption'
689,investopedia.com,Let's Encrypt,89,RSA,2048,65537,b'sha256WithRSAEncryption'
690,sagepub.com,DigiCert Inc,391,RSA,4096,65537,b'sha256WithRSAEncryption'
691,33across.com,Let's Encrypt,89,RSA,2048,65537,b'sha256WithRSAEncryption'
693,udemy.com,"Cloudflare, Inc.",364,EC,256,none,b'ecdsa-with-SHA256'
694,nationalgeographic.com,Amazon,395,RSA,2048,65537,b'sha256WithRSAEncryption'
695,google.com.tr,Google Trust Services LLC,83,EC,256,none,b'sha256WithRSAEncryption'
696,google.com.tw,Google Trust Services LLC,83,EC,256,none,b'sha256WithRSAEncryption'
698,service.gov.uk,GlobalSign nv-sa,396,RSA,2048,65537,b'sha256WithRSAEncryption'
701,unesco.org,Gandi,356,RSA,2048,65537,b'sha256WithRSAEncryption'
702,yximgs.com,GlobalSign nv-sa,396,RSA,2048,65537,b'sha256WithRSAEncryption'
703,shein.com,DigiCert Inc,390,RSA,2048,65537,b'sha256WithRSAEncryption'
704,bandcamp.com,GlobalSign nv-sa,396,RSA,2048,65537,b'sha256WithRSAEncryption'
705,docker.com,"Cloudflare, Inc.",364,EC,256,none,b'ecdsa-with-SHA256'
706,telegram.org,"GoDaddy.com, Inc.",397,RSA,2048,65537,b'sha256WithRSAEncryption'
707,gumgum.com,Let's Encrypt,89,RSA,2048,65537,b'sha256WithRSAEncryption'
708,tremorhub.com,Amazon,394,RSA,2048,65537,b'sha256WithRSAEncryption'
709,bestbuy.com,DigiCert Inc,365,EC,256,none,b'sha256WithRSAEncryption'
710,erome.com,Let's Encrypt,89,EC,256,none,b'sha256WithRSAEncryption'
711,cambridge.org,Let's Encrypt,89,EC,256,none,b'ecdsa-with-SHA384'
712,youku.com,GlobalSign nv-sa,235,EC,256,none,b'sha256WithRSAEncryption'
713,allaboutcookies.org,"Cloudflare, Inc.",365,EC,256,none,b'ecdsa-with-SHA256'
714,zillow.com,Amazon,393,RSA,2048,65537,b'sha256WithRSAEncryption'
718,swrve.com,Amazon,393,RSA,2048,65537,b'sha256WithRSAEncryption'
721,themeforest.net,Google Trust Services LLC,90,RSA,2048,65537,b'sha256WithRSAEncryption'
722,hostgator.com.br,Sectigo Limited,396,RSA,2048,65537,b'sha256WithRSAEncryption'
723,shopee.co.id,Let's Encrypt,89,RSA,2048,65537,b'sha256WithRSAEncryption'
724,ieee.org,GlobalSign nv-sa,396,RSA,2048,65537,b'sha256WithRSAEncryption'
725,fiverr.com,"Cloudflare, Inc.",364,EC,256,none,b'ecdsa-with-SHA256'
726,lemonde.fr,Let's Encrypt,89,RSA,2048,65537,b'sha256WithRSAEncryption'
727,kickstarter.com,"Cloudflare, Inc.",365,EC,256,none,b'ecdsa-with-SHA256'
728,mirtesen.ru,GlobalSign nv-sa,396,RSA,2048,65537,b'sha256WithRSAEncryption'
729,paloaltonetworks.com,"GoDaddy.com, Inc.",397,RSA,2048,65537,b'sha256WithRSAEncryption'
730,usps.com,Sectigo Limited,365,RSA,2048,65537,b'sha256WithRSAEncryption'
731,people.com,Let's Encrypt,89,RSA,2048,65537,b'sha256WithRSAEncryption'
733,huffpost.com,Amazon,394,RSA,2048,65537,b'sha256WithRSAEncryption'
734,xbox.com,Microsoft Corporation,360,RSA,2048,65537,b'sha384WithRSAEncryption'
735,ioam.de,DigiCert Inc,368,RSA,4096,65537,b'sha256WithRSAEncryption'
736,rbc.ru,Let's Encrypt,89,RSA,4096,65537,b'sha256WithRSAEncryption'
737,mailchi.mp,Let's Encrypt,89,RSA,2048,65537,b'sha256WithRSAEncryption'
739,chaturbate.com,DigiCert Inc,375,EC,256,none,b'ecdsa-with-SHA384'
740,mixpanel.com,"DigiCert, Inc.",396,RSA,2048,65537,b'sha256WithRSAEncryption'
742,business.site,Google Trust Services LLC,83,EC,256,none,b'sha256WithRSAEncryption'
743,jotform.com,"Cloudflare, Inc.",365,EC,256,none,b'ecdsa-with-SHA256'
745,ifood.com.br,Amazon,394,RSA,2048,65537,b'sha256WithRSAEncryption'
747,onlyfans.com,Amazon,393,RSA,2048,65537,b'sha256WithRSAEncryption'
748,fast.com,DigiCert Inc,365,RSA,2048,65537,b'sha256WithRSAEncryption'
751,a-mo.net,Amazon,395,RSA,2048,65537,b'sha256WithRSAEncryption'
752,networkadvertising.org,Amazon,394,RSA,2048,65537,b'sha256WithRSAEncryption'
753,me.com,Apple Inc.,90,RSA,2048,65537,b'sha256WithRSAEncryption'
754,cdnvideo.ru,GlobalSign nv-sa,396,RSA,2048,65537,b'sha256WithRSAEncryption'
755,pbs.org,Let's Encrypt,89,EC,384,none,b'sha256WithRSAEncryption'
756,upwork.com,DigiCert Inc,375,RSA,2048,65537,b'sha256WithRSAEncryption'
757,princeton.edu,Internet2,396,RSA,2048,65537,b'sha256WithRSAEncryption'
758,kargo.com,Let's Encrypt,89,RSA,2048,65537,b'sha256WithRSAEncryption'
760,aniview.com,Amazon,394,RSA,2048,65537,b'sha256WithRSAEncryption'
764,google.cn,Google Trust Services LLC,83,EC,256,none,b'sha256WithRSAEncryption'
765,amazon.es,Amazon,339,RSA,2048,65537,b'sha256WithRSAEncryption'
766,airbnb.com,DigiCert Inc,119,RSA,2048,65537,b'sha256WithRSAEncryption'
768,mgid.com,"GoDaddy.com, Inc.",397,RSA,2048,65537,b'sha256WithRSAEncryption'
771,news.com.au,DigiCert Inc,365,RSA,2048,65537,b'sha256WithRSAEncryption'
773,fedex.com,Sectigo Limited,365,RSA,4096,65537,b'sha256WithRSAEncryption'
775,xnxx.com,Sectigo Limited,396,RSA,2048,65537,b'sha256WithRSAEncryption'
776,fb.me,DigiCert Inc,90,RSA,2048,65537,b'sha256WithRSAEncryption'
777,ebay.co.uk,Sectigo Limited,365,RSA,2048,65537,b'sha256WithRSAEncryption'
778,redhat.com,DigiCert Inc,365,RSA,4096,65537,b'sha256WithRSAEncryption'
779,change.org,"Cloudflare, Inc.",365,EC,256,none,b'ecdsa-with-SHA256'
780,intentiq.com,Let's Encrypt,89,RSA,4096,65537,b'sha256WithRSAEncryption'
781,lefigaro.fr,DigiCert Inc,365,EC,256,none,b'sha256WithRSAEncryption'
783,norton.com,DigiCert Inc,396,RSA,2048,65537,b'sha256WithRSAEncryption'
784,hm.com,DigiCert Inc,366,RSA,2048,65537,b'sha256WithRSAEncryption'
785,t-online.de,Let's Encrypt,89,EC,256,none,b'sha256WithRSAEncryption'
789,appier.net,Google Trust Services LLC,90,RSA,2048,65537,b'sha256WithRSAEncryption'
790,allegro.pl,DigiCert Inc,389,RSA,2048,65537,b'sha256WithRSAEncryption'
791,whitehouse.gov,Let's Encrypt,89,EC,256,none,b'sha256WithRSAEncryption'
792,adjust.com,DigiCert Inc,396,RSA,2048,65537,b'sha256WithRSAEncryption'
795,iso.org,DigiCert Inc,388,RSA,4096,65537,b'sha256WithRSAEncryption'
796,indexww.com,"Cloudflare, Inc.",364,EC,256,none,b'ecdsa-with-SHA256'
797,amazon.in,Amazon,357,RSA,2048,65537,b'sha256WithRSAEncryption'
798,amazon.it,Amazon,352,RSA,2048,65537,b'sha256WithRSAEncryption'
801,bootstrapcdn.com,Let's Encrypt,89,EC,256,none,b'ecdsa-with-SHA384'
802,brave.com,Amazon,394,RSA,2048,65537,b'sha256WithRSAEncryption'
803,spot.im,Amazon,394,RSA,2048,65537,b'sha256WithRSAEncryption'
804,epa.gov,DigiCert Inc,351,RSA,2048,65537,b'sha256WithRSAEncryption'
805,lowes.com,DigiCert Inc,365,RSA,2048,65537,b'sha256WithRSAEncryption'
806,lenovo.com,DigiCert Inc,366,RSA,2048,65537,b'sha256WithRSAEncryption'
807,hilton.com,DigiCert Inc,365,RSA,2048,65537,b'sha256WithRSAEncryption'
808,discordapp.com,"Cloudflare, Inc.",365,EC,256,none,b'ecdsa-with-SHA256'
809,shopee.com.br,Let's Encrypt,89,RSA,2048,65537,b'sha256WithRSAEncryption'
810,ameblo.jp,"Cybertrust Japan Co., Ltd.",393,RSA,2048,65537,b'sha256WithRSAEncryption'
811,miwifi.com,"DigiCert, Inc.",366,RSA,2048,65537,b'sha256WithRSAEncryption'
812,rapid7.com,Amazon,395,RSA,2048,65537,b'sha256WithRSAEncryption'
814,churnzero.net,Amazon,395,RSA,2048,65537,b'sha256WithRSAEncryption'
816,360.cn,WoTrus CA Limited,396,RSA,2048,65537,b'sha256WithRSAEncryption'
817,chartboost.com,Amazon,394,RSA,2048,65537,b'sha256WithRSAEncryption'
818,statcounter.com,Sectigo Limited,395,RSA,2048,65537,b'sha256WithRSAEncryption'
819,onetag-sys.com,DigiCert Inc,372,EC,256,none,b'ecdsa-with-SHA384'
820,rspamd.com,Let's Encrypt,89,EC,256,none,b'sha256WithRSAEncryption'
821,tp-link.com,Amazon,394,RSA,2048,65537,b'sha256WithRSAEncryption'
822,eporner.com,GlobalSign nv-sa,396,RSA,2048,65537,b'sha256WithRSAEncryption'
824,kohls.com,DigiCert Inc,368,EC,256,none,b'sha256WithRSAEncryption'
826,markmonitor.com,DigiCert Inc,396,RSA,2048,65537,b'sha256WithRSAEncryption'
827,netgear.com,Amazon,393,RSA,2048,65537,b'sha256WithRSAEncryption'
828,conicet.gov.ar,Sectigo Limited,391,RSA,2048,65537,b'sha256WithRSAEncryption'
831,primevideo.com,Amazon,394,RSA,2048,65537,b'sha256WithRSAEncryption'
832,seznam.cz,Let's Encrypt,89,RSA,4096,65537,b'sha256WithRSAEncryption'
834,worldbank.org,COMODO CA Limited,365,RSA,2048,65537,b'sha256WithRSAEncryption'
836,browser-intake-datadoghq.com,DigiCert Inc,367,RSA,2048,65537,b'sha256WithRSAEncryption'
838,bild.de,DigiCert Inc,396,RSA,2048,65537,b'sha256WithRSAEncryption'
839,thesun.co.uk,Let's Encrypt,89,EC,256,none,b'sha256WithRSAEncryption'
840,gitlab.com,Sectigo Limited,149,RSA,2048,65537,b'sha256WithRSAEncryption'
841,firefox.com,Let's Encrypt,89,RSA,2048,65537,b'sha256WithRSAEncryption'
842,daum.net,DigiCert Inc,395,RSA,2048,65537,b'sha256WithRSAEncryption'
843,dreamhost.com,Amazon,395,RSA,2048,65537,b'sha256WithRSAEncryption'
844,usnews.com,Network Solutions L.L.C.,358,EC,256,none,b'sha384WithRSAEncryption'
847,disneyplus.com,"Entrust, Inc.",372,RSA,2048,65537,b'sha256WithRSAEncryption'
848,state.gov,Amazon,394,RSA,2048,65537,b'sha256WithRSAEncryption'
849,ys7.com,GlobalSign nv-sa,396,RSA,2048,65537,b'sha256WithRSAEncryption'
850,connatix.com,Amazon,394,RSA,2048,65537,b'sha256WithRSAEncryption'
851,globalsign.com,GlobalSign nv-sa,396,RSA,2048,65537,b'sha256WithRSAEncryption'
852,tribalfusion.com,"GoDaddy.com, Inc.",397,RSA,2048,65537,b'sha256WithRSAEncryption'
854,canonical.com,Let's Encrypt,89,RSA,2048,65537,b'sha256WithRSAEncryption'
855,nypost.com,Let's Encrypt,89,EC,256,none,b'sha256WithRSAEncryption'
856,immunet.com,DigiCert Inc,396,RSA,2048,65537,b'sha256WithRSAEncryption'
859,umich.edu,Internet2,396,RSA,2048,65537,b'sha384WithRSAEncryption'
860,genius.com,"Cloudflare, Inc.",365,EC,256,none,b'ecdsa-with-SHA256'
862,columbia.edu,Internet2,396,RSA,2048,65537,b'sha384WithRSAEncryption'
863,heylink.me,"Cloudflare, Inc.",365,EC,256,none,b'ecdsa-with-SHA256'
865,service-now.com,"Entrust, Inc.",290,RSA,2048,65537,b'sha256WithRSAEncryption'
866,economist.com,"Cloudflare, Inc.",364,EC,256,none,b'ecdsa-with-SHA256'
867,arcgis.com,Amazon,394,RSA,2048,65537,b'sha256WithRSAEncryption'
868,springserve.com,"Cloudflare, Inc.",364,EC,256,none,b'ecdsa-with-SHA256'
869,vkontakte.ru,GlobalSign nv-sa,340,EC,256,none,b'sha256WithRSAEncryption'
870,splashtop.com,Amazon,393,RSA,2048,65537,b'sha256WithRSAEncryption'
871,repubblica.it,Amazon,394,RSA,2048,65537,b'sha256WithRSAEncryption'
872,sonobi.com,"GoDaddy.com, Inc.",397,RSA,2048,65537,b'sha256WithRSAEncryption'
873,unpkg.com,"Cloudflare, Inc.",365,EC,256,none,b'ecdsa-with-SHA256'
874,pendo.io,Google Trust Services LLC,90,RSA,2048,65537,b'sha256WithRSAEncryption'
875,recaptcha.net,Google Trust Services LLC,83,EC,256,none,b'sha256WithRSAEncryption'
876,jimdo.com,GlobalSign nv-sa,396,RSA,2048,65537,b'sha256WithRSAEncryption'
878,cloudflareinsights.com,"Cloudflare, Inc.",365,EC,256,none,b'ecdsa-with-SHA256'
879,segment.io,Amazon,395,RSA,2048,65537,b'sha256WithRSAEncryption'
880,pccc.com,DigiCert Inc,384,RSA,2048,65537,b'sha256WithRSAEncryption'
881,macys.com,Sectigo Limited,365,RSA,2048,65537,b'sha256WithRSAEncryption'
882,clever.com,Amazon,394,RSA,2048,65537,b'sha256WithRSAEncryption'
883,sectigo.com,Sectigo Limited,90,RSA,4096,65537,b'sha256WithRSAEncryption'
884,wikihow.com,Let's Encrypt,89,RSA,2048,65537,b'sha256WithRSAEncryption'
885,biblegateway.com,Amazon,394,RSA,2048,65537,b'sha256WithRSAEncryption'
886,xerox.com,Sectigo Limited,365,RSA,2048,65537,b'sha256WithRSAEncryption'
888,discogs.com,Amazon,394,RSA,2048,65537,b'sha256WithRSAEncryption'
889,costco.com,DigiCert Inc,365,EC,256,none,b'sha256WithRSAEncryption'
890,ya.ru,GlobalSign nv-sa,181,EC,256,none,b'ecdsa-with-SHA384'
891,deloitte.com,"Entrust, Inc.",395,RSA,2048,65537,b'sha256WithRSAEncryption'
893,btloader.com,Google Trust Services LLC,89,RSA,2048,65537,b'sha256WithRSAEncryption'
894,avito.ru,GlobalSign nv-sa,396,RSA,2048,65537,b'sha256WithRSAEncryption'
896,synology.com,Sectigo Limited,396,RSA,2048,65537,b'sha256WithRSAEncryption'
897,xfinity.com,COMODO CA Limited,365,RSA,2048,65537,b'sha256WithRSAEncryption'
898,ancestry.com,"Cloudflare, Inc.",365,EC,256,none,b'ecdsa-with-SHA256'
899,hotmail.com,DigiCert Inc,366,RSA,2048,65537,b'sha256WithRSAEncryption'
900,ebay.de,Sectigo Limited,365,RSA,2048,65537,b'sha256WithRSAEncryption'
901,businesswire.com,DigiCert Inc,364,EC,256,none,b'sha256WithRSAEncryption'
902,cookiedatabase.org,"Cloudflare, Inc.",365,EC,256,none,b'ecdsa-with-SHA256'
903,schwab.com,DigiCert Inc,365,RSA,2048,65537,b'sha256WithRSAEncryption'
905,cbc.ca,DigiCert Inc,365,RSA,2048,65537,b'sha256WithRSAEncryption'
906,mckinsey.com,"Entrust, Inc.",394,RSA,2048,65537,b'sha256WithRSAEncryption'
907,mparticle.com,"GoDaddy.com, Inc.",397,RSA,2048,65537,b'sha256WithRSAEncryption'
909,sharethis.com,Amazon,394,RSA,2048,65537,b'sha256WithRSAEncryption'
910,quickconnect.to,Amazon,394,RSA,2048,65537,b'sha256WithRSAEncryption'
911,typeform.com,Amazon,393,RSA,2048,65537,b'sha256WithRSAEncryption'
912,mediavine.com,Google Trust Services LLC,90,RSA,2048,65537,b'sha256WithRSAEncryption'
913,apnews.com,"Entrust, Inc.",373,RSA,2048,65537,b'sha256WithRSAEncryption'
914,onet.pl,DigiCert Inc,308,EC,256,none,b'ecdsa-with-SHA256'
915,akismet.com,Let's Encrypt,89,EC,256,none,b'sha256WithRSAEncryption'
916,amazon.com.br,Amazon,348,RSA,2048,65537,b'sha256WithRSAEncryption'
918,redd.it,DigiCert Inc,179,RSA,2048,65537,b'sha256WithRSAEncryption'
919,onesignal.com,Let's Encrypt,89,EC,256,none,b'ecdsa-with-SHA384'
922,adroll.com,GlobalSign nv-sa,396,RSA,2048,65537,b'sha256WithRSAEncryption'
923,ubi.com,Amazon,393,RSA,2048,65537,b'sha256WithRSAEncryption'
925,atlassian.net,DigiCert Inc,392,EC,256,none,b'sha256WithRSAEncryption'
927,postrelease.com,Amazon,395,RSA,2048,65537,b'sha256WithRSAEncryption'
928,flurry.com,DigiCert Inc,174,EC,256,none,b'sha256WithRSAEncryption'
929,corriere.it,Let's Encrypt,89,RSA,2048,65537,b'sha256WithRSAEncryption'
931,theconversation.com,Let's Encrypt,89,RSA,2048,65537,b'sha256WithRSAEncryption'
932,elmundo.es,GlobalSign nv-sa,396,RSA,2048,65537,b'sha256WithRSAEncryption'
934,innovid.com,"Cloudflare, Inc.",365,EC,256,none,b'ecdsa-with-SHA256'
935,asos.com,DigiCert Inc,367,EC,256,none,b'sha256WithRSAEncryption'
936,si.com,GlobalSign nv-sa,396,RSA,2048,65537,b'sha256WithRSAEncryption'
937,va.gov,Sectigo Limited,395,RSA,2048,65537,b'sha256WithRSAEncryption'
938,2gis.com,GlobalSign nv-sa,396,RSA,2048,65537,b'sha256WithRSAEncryption'
940,simpli.fi,"Cloudflare, Inc.",364,EC,256,none,b'ecdsa-with-SHA256'
942,nba.com,Let's Encrypt,89,RSA,2048,65537,b'sha256WithRSAEncryption'
943,wp.pl,DigiCert Inc,371,RSA,2048,65537,b'sha256WithRSAEncryption'
944,weforum.org,Amazon,394,RSA,2048,65537,b'sha256WithRSAEncryption'
945,character.ai,Let's Encrypt,89,EC,256,none,b'ecdsa-with-SHA384'
946,psychologytoday.com,Amazon,393,RSA,2048,65537,b'sha256WithRSAEncryption'
947,perfectdomain.com,Google Trust Services LLC,89,RSA,2048,65537,b'sha256WithRSAEncryption'
948,smartthings.com,Amazon,394,RSA,2048,65537,b'sha256WithRSAEncryption'
949,ign.com,GlobalSign nv-sa,396,RSA,2048,65537,b'sha256WithRSAEncryption'
950,flipkart.com,GlobalSign nv-sa,396,EC,256,none,b'ecdsa-with-SHA384'
951,mmcdn.com,DigiCert Inc,391,EC,256,none,b'ecdsa-with-SHA384'
952,ubnt.com,Amazon,394,RSA,2048,65537,b'sha256WithRSAEncryption'
953,quizlet.com,Google Trust Services LLC,90,RSA,2048,65537,b'sha256WithRSAEncryption'
956,plex.tv,DigiCert Inc,391,RSA,2048,65537,b'sha256WithRSAEncryption'
958,coingecko.com,"Cloudflare, Inc.",365,EC,256,none,b'ecdsa-with-SHA256'
959,pikabu.ru,Let's Encrypt,89,RSA,2048,65537,b'sha256WithRSAEncryption'
960,eepurl.com,DigiCert Inc,365,EC,256,none,b'sha256WithRSAEncryption'
961,bol.com,Let's Encrypt,89,RSA,2048,65537,b'sha256WithRSAEncryption'
962,skroutz.gr,Gandi,396,RSA,2048,65537,b'sha384WithRSAEncryption'
963,francetvinfo.fr,Let's Encrypt,89,RSA,4096,65537,b'sha256WithRSAEncryption'
966,utorrent.com,"GoDaddy.com, Inc.",397,RSA,2048,65537,b'sha256WithRSAEncryption'
967,mdpi.com,ZeroSSL,90,RSA,2048,65537,b'sha384WithRSAEncryption'
969,kaspi.kz,DigiCert Inc,396,RSA,2048,65537,b'sha256WithRSAEncryption'
970,pexels.com,Let's Encrypt,89,EC,256,none,b'ecdsa-with-SHA384'
971,newyorker.com,GlobalSign nv-sa,396,RSA,2048,65537,b'sha256WithRSAEncryption'
972,pusher.com,Gandi,376,RSA,2048,65537,b'sha256WithRSAEncryption'
973,arxiv.org,Certainly,29,RSA,2048,65537,b'sha256WithRSAEncryption'
974,notamedia.ru,Let's Encrypt,89,RSA,2048,65537,b'sha256WithRSAEncryption'
976,chartbeat.com,DigiCert Inc,387,RSA,2048,65537,b'sha256WithRSAEncryption'
977,vidazoo.com,Sectigo Limited,388,RSA,2048,65537,b'sha256WithRSAEncryption'
978,withgoogle.com,Google Trust Services LLC,83,EC,256,none,b'sha256WithRSAEncryption'
980,amazon.com.au,DigiCert Inc,251,RSA,2048,65537,b'sha256WithRSAEncryption'
981,agoda.com,Sectigo Limited,395,RSA,2048,65537,b'sha256WithRSAEncryption'
982,openstreetmap.org,Let's Encrypt,89,RSA,2048,65537,b'sha256WithRSAEncryption'
983,bidmachine.io,Let's Encrypt,89,EC,256,none,b'ecdsa-with-SHA384'
984,binance.com,DigiCert Inc,396,RSA,2048,65537,b'sha256WithRSAEncryption'
985,pixiv.net,GlobalSign nv-sa,396,RSA,2048,65537,b'sha256WithRSAEncryption'
987,interia.pl,DigiCert Inc,396,EC,256,none,b'sha256WithRSAEncryption'
989,classlink.com,Let's Encrypt,89,RSA,2048,65537,b'sha256WithRSAEncryption'
990,spankbang.com,"Cloudflare, Inc.",365,EC,256,none,b'ecdsa-with-SHA256'
991,ironsrc.mobi,Amazon,394,RSA,2048,65537,b'sha256WithRSAEncryption'
992,www.gov.br,GlobalSign nv-sa,396,RSA,2048,65537,b'sha256WithRSAEncryption'
993,split.io,GlobalSign nv-sa,396,RSA,2048,65537,b'sha256WithRSAEncryption'
994,sportskeeda.com,Amazon,394,RSA,2048,65537,b'sha256WithRSAEncryption'
996,plesk.com,Sectigo Limited,365,RSA,2048,65537,b'sha256WithRSAEncryption'
997,creditkarma.com,DigiCert Inc,389,RSA,2048,65537,b'sha256WithRSAEncryption'
998,agora.io,"GoDaddy.com, Inc.",397,RSA,2048,65537,b'sha256WithRSAEncryption'
999,oculus.com,DigiCert Inc,90,RSA,2048,65537,b'sha256WithRSAEncryption'
1000,plos.org,"Cloudflare, Inc.",365,EC,256,none,b'ecdsa-with-SHA256'
